Time;City of London;Barking & Dagenham;Barnet;Bexley;Brent;Bromley;Camden;Croydon;Ealing;Enfield;Greenwich;Hackney;Hammersmith & Fulham;Haringey;Harrow;Havering;Hillingdon;Hounslow;Islington;Kensington & Chelsea;Kingston upon Thames;Lambeth;Lewisham;Merton;Newham;Redbridge;Richmond upon Thames;Southwark;Sutton;Tower Hamlets;Waltham Forest;Wandsworth;Westminster
janv.-95;17;96;332;269;233;323;198;375;303;327;182;131;227;226;221;203;202;175;90;324;213;227;211;219;168;268;208;182;218;147;249;403;339
févr.-95;7;95;327;207;220;326;194;342;242;302;174;115;185;223;175;198;256;145;102;207;185;207;206;204;189;277;212;169;177;149;226;379;251
mars-95;14;144;384;318;320;449;207;447;377;437;206;159;265;317;249;282;337;263;140;318;221;315;300;275;294;385;307;270;319;166;276;513;365
avr.-95;7;109;304;253;249;362;174;377;270;337;176;141;258;244;216;297;255;211;125;293;194;288;227;230;217;317;249;169;268;204;253;451;328
mai-95;10;149;393;317;293;428;220;449;345;393;216;138;233;330;244;297;279;233;139;274;229;309;311;269;284;399;289;212;310;186;281;517;317
juin-95;17;148;436;324;311;431;248;466;353;428;233;175;291;303;256;274;311;350;184;294;262;304;332;331;279;356;372;254;349;231;329;548;370
juil.-95;13;117;429;314;303;399;248;427;374;390;240;152;226;255;266;274;287;328;186;314;261;324;294;303;240;363;309;264;294;151;274;503;323
août-95;14;150;425;297;341;453;259;480;377;411;240;131;298;282;285;274;345;372;154;279;278;312;325;323;265;327;321;232;299;239;293;531;353
sept.-95;17;112;423;281;277;408;263;480;327;432;224;125;249;276;230;274;320;344;162;287;267;300;307;260;217;338;301;186;274;206;285;451;346
oct.-95;14;120;396;274;282;392;245;423;352;377;203;133;235;307;223;227;276;322;146;243;232;272;244;240;249;302;255;177;264;143;284;434;300
nov.-95;11;127;405;299;300;372;208;462;329;424;205;154;208;289;252;320;309;359;125;269;259;281;278;278;238;316;274;201;267;139;274;386;312
déc.-95;18;109;435;259;283;399;224;444;348;443;208;155;247;267;218;238;276;349;146;304;270;296;296;252;305;316;288;283;318;156;240;452;319
janv.-96;17;94;357;210;251;352;193;382;281;324;154;131;205;225;240;236;300;226;128;257;174;234;250;214;226;311;230;188;216;114;251;384;335
févr.-96;10;154;358;228;209;375;181;358;291;334;180;132;191;248;228;211;266;256;129;220;190;227;242;222;216;276;226;194;279;168;206;367;236
mars-96;17;152;454;283;335;447;214;512;376;460;229;152;290;297;248;291;361;293;164;293;251;322;321;315;289;371;315;227;292;144;289;481;330
avr.-96;14;125;470;291;275;441;260;478;359;381;183;126;284;256;255;254;318;301;164;324;268;307;305;265;228;348;335;236;296;145;313;495;316
mai-96;19;143;509;344;294;578;287;594;429;452;268;122;322;292;311;338;404;346;162;366;316;439;345;302;279;367;383;225;376;212;288;605;393
juin-96;28;142;554;345;291;485;282;452;400;444;211;155;307;288;282;297;408;373;201;305;279;412;341;328;247;360;416;287;363;204;295;569;361
juil.-96;30;178;643;418;343;645;355;583;429;531;293;208;360;378;330;347;413;380;265;440;296;489;380;334;310;375;431;288;406;195;376;744;431
août-96;25;164;574;373;347;635;340;617;508;497;279;183;381;377;339;429;465;363;233;426;359;442;372;457;272;467;613;231;444;237;393;726;453
sept.-96;32;156;533;301;328;553;349;558;481;453;262;215;387;337;331;320;453;280;210;411;291;384;334;359;297;412;447;293;364;239;344;669;437
oct.-96;33;172;594;384;350;625;344;612;548;457;262;193;386;373;362;369;489;331;217;364;319;455;395;400;345;438;462;289;376;255;399;694;475
nov.-96;31;217;557;391;389;693;369;619;470;589;331;209;385;390;329;386;520;371;251;425;307;518;429;376;300;478;491;295;412;256;426;688;444
déc.-96;26;184;548;387;344;602;354;660;500;552;311;220;402;368;336;323;417;341;222;440;347;496;420;386;351;418;506;314;411;309;371;680;482
janv.-97;22;153;468;360;320;499;273;528;450;398;228;176;307;302;277;296;358;290;230;428;234;400;315;317;250;371;405;249;296;219;299;617;427
févr.-97;37;169;461;347;283;522;293;556;414;407;202;183;258;334;248;280;391;312;192;375;290;385;306;329;267;293;344;253;275;223;312;537;417
mars-97;70;192;429;365;327;555;300;604;430;460;227;195;281;369;307;335;398;328;217;359;303;423;390;341;304;373;343;373;360;306;321;631;432
avr.-97;19;175;516;379;315;570;336;595;455;469;230;191;364;355;291;364;371;341;249;410;308;469;348;370;328;439;423;341;354;251;386;676;518
mai-97;12;202;561;403;342;569;303;622;506;520;289;205;360;383;342;410;491;349;278;433;332;530;410;363;267;414;480;361;413;289;409;790;516
juin-97;21;203;599;442;364;664;330;664;530;568;303;240;380;362;377;355;436;382;318;439;360;490;450;380;326;463;449;344;406;289;387;709;702
juil.-97;26;265;726;437;474;783;374;770;578;625;343;301;407;462;402;444;497;429;313;478;430;651;549;440;338;507;588;393;461;327;497;802;640
août-97;9;244;604;466;398;652;334;692;545;539;307;285;373;380;384;413;452;436;292;357;406;512;479;425;344;499;545;391;411;338;446;741;534
sept.-97;22;214;656;390;336;630;337;638;498;548;303;216;368;411;340;332;419;368;228;419;374;471;437;420;326;452;459;327;408;357;394;765;653
oct.-97;22;244;608;389;412;687;374;663;563;528;351;253;356;400;397;361;463;431;255;341;350;536;478;400;357;466;451;416;435;460;395;723;531
nov.-97;18;188;541;373;343;556;290;551;437;500;297;237;288;334;273;288;400;355;216;334;329;466;413;296;287;426;350;450;371;339;378;614;447
déc.-97;37;185;519;355;335;577;323;553;456;519;311;293;335;370;344;378;370;399;256;334;380;498;420;399;369;379;423;432;331;379;344;659;497
janv.-98;48;152;437;293;299;429;294;462;412;410;219;166;220;278;249;274;302;211;246;315;283;371;322;302;254;323;332;249;267;293;288;494;373
févr.-98;43;153;439;302;256;425;206;523;341;416;224;172;224;249;248;225;326;237;203;236;219;358;340;285;259;312;315;268;269;230;306;450;360
mars-98;39;190;506;367;367;549;297;602;414;510;232;257;311;291;310;281;396;304;223;355;271;476;378;303;326;356;348;375;333;314;367;558;448
avr.-98;28;202;539;340;364;553;305;583;419;467;251;239;312;321;330;286;358;284;222;334;292;456;388;345;325;387;396;341;361;296;368;646;491
mai-98;30;206;514;350;363;560;311;572;508;443;282;233;324;355;306;285;386;310;284;334;338;487;422;344;303;389;421;326;379;364;353;643;517
juin-98;32;191;551;359;400;611;335;643;537;540;342;275;340;413;355;332;483;301;278;358;272;519;388;405;363;409;456;415;414;476;437;744;467
juil.-98;17;321;673;430;472;565;374;738;567;634;326;272;394;405;421;388;496;360;288;395;395;625;479;458;386;514;452;453;469;399;444;794;550
août-98;34;221;593;345;346;506;290;696;526;505;266;286;280;387;340;345;457;327;256;356;327;490;402;381;364;419;444;407;411;418;387;700;419
sept.-98;40;236;601;384;372;514;343;664;493;580;331;255;353;355;322;342;415;272;281;369;328;511;460;380;328;390;427;359;378;455;442;644;498
oct.-98;42;242;495;382;358;508;289;606;492;495;346;244;255;358;313;329;448;308;299;349;303;435;433;406;349;446;414;370;386;408;420;657;416
nov.-98;23;202;490;357;344;449;258;647;455;561;296;281;212;334;331;322;442;275;235;341;266;368;397;339;340;388;406;348;394;364;384;608;344
déc.-98;48;180;531;364;350;469;240;550;458;531;320;259;266;350;306;285;415;303;278;339;260;447;437;318;382;415;386;369;372;483;376;530;464
janv.-99;41;177;417;292;261;406;208;442;371;399;270;196;198;229;210;222;335;241;220;292;215;322;283;268;251;297;302;284;276;273;307;452;353
févr.-99;31;141;412;293;304;396;210;441;351;389;235;155;191;282;265;259;315;263;245;267;204;325;339;281;269;309;304;264;300;289;338;473;357
mars-99;53;197;583;401;391;536;310;596;486;476;364;208;278;319;314;325;433;349;283;428;275;441;385;357;351;414;466;365;364;447;414;704;461
avr.-99;28;225;557;361;386;540;289;530;454;470;307;188;330;346;338;317;490;319;252;446;327;461;400;427;304;378;507;367;343;476;381;723;496
mai-99;35;197;569;428;329;521;278;579;479;478;268;223;302;337;339;323;429;320;274;398;332;464;410;421;302;409;412;380;405;390;390;779;522
juin-99;63;251;706;442;381;644;367;739;537;628;380;259;372;392;466;375;558;366;381;491;354;544;471;475;399;519;592;460;466;543;447;904;606
juil.-99;42;304;865;550;450;816;446;847;648;716;422;338;510;516;479;517;626;423;439;515;449;686;614;544;412;550;701;545;543;593;533;1 073;708
août-99;58;231;721;468;437;640;356;801;645;634;352;308;421;450;430;420;580;413;321;460;425;558;555;527;366;581;569;515;451;480;480;986;690
sept.-99;30;204;709;456;441;615;391;696;571;586;386;274;439;452;417;402;543;420;327;485;395;541;545;431;409;508;543;483;419;534;464;839;672
oct.-99;29;238;669;430;434;711;431;764;550;595;413;278;413;445;386;407;548;411;276;395;379;546;543;483;388;500;528;544;480;501;491;873;602
nov.-99;29;254;660;479;409;668;338;799;538;591;428;266;381;469;432;373;545;321;313;412;378;544;520;436;453;512;490;403;530;465;462;764;589
déc.-99;97;267;619;460;395;654;357;673;522;582;433;372;367;418;368;395;513;351;352;428;331;579;467;418;453;495;454;508;405;481;509;814;587
janv.-00;24;182;489;337;346;451;269;505;361;451;233;215;302;335;338;270;369;344;181;385;242;413;380;336;348;372;334;331;325;328;368;576;593
févr.-00;55;191;463;330;339;552;282;550;420;444;262;235;270;306;299;244;350;323;188;355;235;436;421;303;389;338;326;363;346;352;374;610;463
mars-00;48;216;659;368;425;618;351;655;530;559;378;280;393;423;338;345;462;409;276;484;339;549;541;416;474;473;427;438;397;468;478;766;662
avr.-00;58;214;550;359;354;589;301;589;494;424;292;230;360;295;317;281;436;335;246;425;326;501;427;338;381;361;390;415;323;479;370;645;562
mai-00;38;240;600;393;393;622;292;505;411;501;298;236;317;373;332;321;438;298;289;375;316;557;485;391;380;419;322;412;394;503;430;655;563
juin-00;60;294;615;407;440;642;312;585;467;485;365;264;319;427;371;419;531;394;306;374;327;593;524;385;469;447;357;458;423;493;466;710;541
juil.-00;33;305;542;420;390;561;310;466;532;514;338;229;263;381;345;334;439;326;285;312;333;547;472;358;382;472;398;487;395;530;447;656;476
août-00;22;240;544;387;386;616;290;439;454;474;340;222;290;324;376;355;469;372;236;294;272;537;483;345;411;463;330;431;405;350;453;648;432
sept.-00;20;223;535;343;341;455;266;402;396;483;323;175;288;336;332;286;431;350;246;306;278;478;406;275;378;392;296;414;301;395;421;513;437
oct.-00;19;196;475;325;316;456;258;396;422;445;315;185;227;315;309;293;389;296;201;336;274;428;389;315;404;391;267;388;347;342;366;526;457
nov.-00;18;227;500;320;311;502;257;461;392;475;334;200;240;269;282;292;371;281;240;317;269;410;398;320;406;369;247;390;327;357;416;557;546
déc.-00;33;285;553;380;384;485;289;524;388;473;306;243;255;308;275;321;393;309;200;333;317;431;416;282;424;428;282;406;377;429;361;615;478
janv.-01;24;215;450;369;306;407;275;352;377;425;269;227;253;323;240;257;297;321;213;276;216;419;334;295;360;318;261;334;280;322;354;528;418
févr.-01;37;238;388;331;297;410;210;407;354;411;267;180;222;253;272;302;274;273;212;277;227;340;352;273;345;397;261;323;270;385;332;476;367
mars-01;44;274;537;379;363;550;263;500;476;506;386;287;271;312;343;338;345;364;248;394;290;497;431;377;436;473;345;437;411;425;427;656;497
avr.-01;38;241;527;328;399;547;267;501;456;466;281;262;306;340;308;377;312;357;253;335;321;459;387;355;384;434;354;383;408;392;403;649;500
mai-01;30;283;613;422;345;711;308;526;516;615;431;284;305;385;335;395;358;382;250;364;325;492;454;416;445;529;405;449;408;449;436;789;510
juin-01;36;292;659;442;425;656;352;665;594;700;474;315;357;404;408;404;460;439;293;341;405;581;504;451;562;526;467;554;460;510;513;799;516
juil.-01;40;289;693;506;457;794;333;754;575;698;424;292;354;456;426;410;441;436;384;424;345;623;565;441;456;543;542;495;479;496;493;798;586
août-01;30;321;753;538;491;830;389;753;678;750;477;322;415;484;454;561;488;475;338;367;428;694;637;510;494;610;556;544;486;482;553;832;566
sept.-01;30;251;569;435;408;665;350;549;546;646;496;278;302;378;377;416;449;402;252;321;341;434;499;366;433;473;424;361;365;434;459;631;480
oct.-01;26;270;566;514;463;704;281;607;508;681;458;298;289;408;360;414;433;347;301;300;380;490;493;422;474;581;362;501;438;383;488;647;433
nov.-01;15;282;581;540;430;681;291;738;544;671;409;292;312;424;416;415;444;327;286;295;361;477;455;386;539;447;379;449;462;316;458;699;473
déc.-01;17;247;467;466;341;567;271;560;413;504;401;252;206;315;355;370;374;318;229;246;290;392;391;347;538;389;288;351;365;338;351;578;400
janv.-02;30;216;501;319;315;445;237;455;412;440;282;185;227;272;246;260;344;275;186;281;280;340;428;280;369;348;265;309;298;258;330;531;373
févr.-02;12;198;482;367;313;498;243;561;390;487;303;230;229;300;249;301;314;257;190;264;248;371;388;290;385;399;273;333;297;297;400;514;403
mars-02;47;261;574;470;408;620;296;637;500;599;477;305;313;343;340;414;405;353;241;442;358;480;432;406;548;431;349;374;392;380;413;641;498
avr.-02;31;285;585;458;384;680;341;611;473;623;427;284;315;364;374;436;462;358;247;401;326;495;466;379;467;452;447;384;348;416;441;699;566
mai-02;30;335;666;633;451;807;406;894;662;733;575;388;456;411;416;516;555;567;371;470;464;630;558;503;545;612;541;502;515;535;523;892;573
juin-02;25;307;603;481;396;729;325;644;461;522;463;294;317;359;343;401;445;425;257;406;328;512;468;404;412;485;454;442;465;462;408;736;589
juil.-02;26;347;754;584;490;870;386;916;582;763;470;351;449;517;471;509;629;527;358;415;424;664;625;506;556;609;549;523;548;477;538;963;665
août-02;51;350;761;515;459;852;379;841;657;736;504;388;387;475;448;456;621;442;368;445;406;639;704;510;489;644;634;490;470;502;495;876;573
sept.-02;49;268;570;528;432;666;331;694;567;568;478;337;343;354;376;465;515;418;289;345;383;573;544;433;435;567;468;499;409;368;496;789;534
oct.-02;19;312;615;461;383;618;323;774;552;653;461;346;313;389;383;373;468;401;237;350;392;576;528;375;447;573;404;380;423;354;444;689;493
nov.-02;28;300;570;469;426;663;301;816;515;559;451;296;314;388;396;391;482;422;290;302;329;493;495;398;460;585;418;411;476;336;440;627;477
déc.-02;44;270;634;453;346;610;283;661;457;554;504;252;282;360;439;359;478;412;273;282;316;507;497;359;401;520;405;354;374;330;360;553;514
janv.-03;32;254;507;342;359;519;265;576;383;516;357;232;223;277;336;371;408;314;188;285;249;413;393;312;391;420;311;304;299;286;351;494;398
févr.-03;20;219;427;369;300;466;205;548;400;498;298;194;218;256;279;340;381;286;173;206;262;341;389;287;349;425;224;333;286;233;384;422;302
mars-03;31;247;421;397;304;418;235;564;377;421;325;172;207;245;300;301;423;275;235;205;241;394;387;246;428;411;272;358;298;240;413;454;355
avr.-03;30;254;434;375;271;488;198;551;376;456;355;178;213;289;299;295;343;289;188;178;248;306;373;286;388;411;294;330;296;225;328;470;365
mai-03;38;248;450;444;309;468;203;570;409;424;398;197;215;283;304;360;412;373;215;226;228;428;357;280;429;418;304;294;311;331;363;532;348
juin-03;84;325;463;378;346;505;250;571;452;508;470;251;286;299;301;292;417;379;236;207;274;443;398;270;464;425;344;371;361;298;404;498;420
juil.-03;48;329;520;422;363;586;277;601;483;574;377;240;321;314;383;361;471;411;228;282;336;518;511;348;483;482;440;430;414;336;426;695;458
août-03;46;339;574;468;395;695;296;707;575;526;477;263;367;348;419;401;534;412;292;333;305;497;523;419;435;490;496;404;412;361;417;739;452
sept.-03;38;361;588;475;394;664;342;672;552;535;491;230;347;356;382;411;562;429;244;417;329;557;559;411;474;546;478;476;410;401;445;667;498
oct.-03;33;347;623;542;409;703;305;727;618;668;419;267;331;445;399;515;546;425;277;360;386;549;561;436;584;591;524;427;469;451;525;756;523
nov.-03;42;318;572;500;377;655;310;788;626;570;471;266;321;331;372;424;514;478;256;386;363;476;519;385;494;578;407;418;477;469;432;663;496
déc.-03;38;374;629;482;399;708;264;671;498;625;504;274;283;384;409;434;507;478;272;366;324;516;550;414;474;487;441;450;452;461;443;754;474
janv.-04;98;321;556;454;360;531;282;556;502;437;336;269;306;340;317;361;437;346;234;340;304;409;473;335;386;479;408;379;386;351;404;667;403
févr.-04;16;297;500;413;313;539;274;575;510;532;390;258;276;310;283;373;464;352;216;308;296;425;404;346;385;410;328;356;346;345;370;578;372
mars-04;20;368;607;411;368;645;321;647;567;549;517;329;336;370;344;481;512;405;263;354;353;470;489;410;446;477;347;458;386;481;446;727;505
avr.-04;25;302;599;456;344;672;346;692;554;499;457;324;359;391;362;385;453;415;313;401;410;552;532;416;426;505;487;438;465;496;456;820;521
mai-04;22;322;492;455;316;682;304;611;468;506;536;284;317;343;345;373;433;363;239;360;361;472;495;355;347;492;450;486;436;477;375;685;411
juin-04;38;351;713;459;411;786;396;696;595;565;600;316;345;434;416;479;554;451;272;363;345;663;544;475;465;574;493;566;462;516;475;851;494
juil.-04;34;330;735;575;434;755;409;788;628;672;568;337;408;479;431;512;624;490;348;423;422;656;655;493;436;625;551;612;506;716;461;951;548
août-04;46;316;618;459;377;719;384;674;521;574;532;288;337;411;348;453;466;421;253;317;318;649;582;451;451;472;472;507;423;568;418;793;402
sept.-04;27;292;483;397;278;611;310;657;450;534;523;254;299;358;305;413;461;407;251;340;303;465;478;433;390;471;379;419;354;611;376;699;472
oct.-04;24;254;491;336;314;538;267;640;454;476;411;254;253;315;287;337;433;353;223;275;297;442;442;313;361;398;363;393;321;405;360;643;358
nov.-04;13;255;433;314;265;518;254;548;393;445;373;191;225;280;266;334;372;319;184;247;230;390;368;283;313;434;330;370;328;358;319;485;353
déc.-04;14;208;464;337;296;537;213;502;366;423;396;218;231;334;297;328;349;287;179;278;259;364;405;281;319;508;303;319;287;470;282;506;299
janv.-05;17;183;336;229;243;346;228;373;271;294;261;143;196;256;158;245;244;232;139;257;163;291;265;235;211;325;267;241;176;321;220;384;270
févr.-05;18;168;296;226;217;335;198;343;271;302;281;160;160;206;190;238;250;194;154;189;170;295;251;217;263;274;227;258;210;311;277;397;283
mars-05;18;213;363;247;235;411;216;438;354;344;359;159;214;217;254;278;303;249;181;274;224;335;307;255;288;327;257;314;288;362;245;486;346
avr.-05;32;191;439;286;226;518;257;465;374;357;376;181;263;217;247;262;301;256;233;294;290;397;339;262;290;342;326;345;318;389;266;584;367
mai-05;20;223;434;332;268;483;260;513;367;363;390;196;260;259;237;304;343;293;233;274;247;372;398;278;301;366;302;327;306;393;298;586;423
juin-05;33;275;502;358;277;623;317;537;424;429;479;243;282;325;273;349;412;342;261;315;285;431;433;328;374;434;383;329;373;398;355;645;484
juil.-05;29;303;489;464;317;605;316;597;432;528;406;266;337;358;293;374;446;333;300;327;297;511;499;425;363;512;463;405;376;497;445;771;452
août-05;26;279;503;394;282;615;295;604;490;480;398;237;329;353;356;377;418;371;307;286;361;565;414;381;331;397;436;479;347;421;417;763;496
sept.-05;37;263;531;397;294;591;336;642;508;471;453;252;316;340;304;397;470;350;325;331;315;515;467;371;345;570;406;490;355;438;394;764;503
oct.-05;14;262;474;378;310;563;299;571;441;435;473;241;274;327;315;388;431;283;275;231;303;494;418;324;354;426;397;420;319;453;453;638;398
nov.-05;29;267;489;409;302;565;301;617;474;497;388;217;269;304;316;360;430;359;265;273;273;443;441;332;376;473;374;438;387;405;445;633;417
déc.-05;30;263;524;335;303;680;296;547;475;558;434;249;289;309;340;381;433;358;342;299;286;534;492;364;413;436;416;409;353;412;439;700;445
janv.-06;19;208;435;285;251;517;313;467;421;422;341;249;266;299;242;311;325;294;224;319;283;397;348;295;328;341;365;350;271;368;329;563;416
févr.-06;17;256;443;303;211;529;267;556;387;404;290;239;240;292;295;318;342;279;241;233;298;372;375;287;334;382;319;462;307;325;327;516;439
mars-06;28;295;512;439;320;672;361;663;500;540;474;296;326;379;365;412;408;386;310;371;318;540;426;409;375;500;373;455;400;435;409;729;556
avr.-06;24;253;459;326;276;570;310;496;443;419;316;212;341;329;317;315;373;299;261;347;297;498;402;334;283;393;402;369;307;373;344;748;517
mai-06;22;262;497;379;326;682;328;598;431;515;400;253;336;382;360;403;445;345;306;338;339;497;451;409;355;462;400;406;365;454;365;711;527
juin-06;29;341;633;473;335;824;360;741;552;589;476;276;416;408;391;416;524;509;398;400;350;549;610;430;401;588;558;497;504;566;427;886;618
juil.-06;25;352;660;457;364;806;384;725;619;543;440;320;413;426;371;480;491;472;367;366;400;659;641;473;480;483;511;511;504;491;435;935;578
août-06;30;345;696;469;409;856;429;816;664;599;578;370;407;443;413;485;527;432;403;355;438;684;598;493;391;593;557;524;416;509;498;888;518
sept.-06;24;314;604;449;398;705;391;715;600;611;516;307;328;447;399;452;536;444;460;394;405;661;531;413;352;480;498;511;408;427;415;914;565
oct.-06;33;334;586;481;362;684;342;785;639;593;466;281;323;369;403;474;461;419;340;360;384;586;526;398;401;520;467;473;433;445;494;791;540
nov.-06;21;366;619;446;350;730;331;760;617;551;447;300;347;446;369;485;514;431;335;350;352;611;506;413;401;555;420;482;413;480;502;798;482
déc.-06;22;328;608;491;335;792;340;723;609;526;513;286;362;400;370;525;491;431;330;375;361;566;515;420;356;491;453;512;461;436;436;870;498
janv.-07;20;257;505;391;368;611;297;599;521;447;373;241;284;391;293;351;430;357;298;397;262;532;511;337;337;377;387;348;368;379;349;701;475
févr.-07;25;285;494;388;291;585;283;587;468;450;401;234;295;324;352;389;386;347;247;317;294;460;408;297;353;411;342;378;348;365;368;610;412
mars-07;28;337;593;413;339;735;327;696;587;519;486;285;362;372;343;519;409;456;367;352;348;533;479;405;372;463;378;472;387;486;438;785;475
avr.-07;22;284;511;361;315;628;265;623;450;485;370;266;307;314;301;388;388;359;294;311;344;464;433;332;294;439;377;368;317;432;358;702;466
mai-07;22;325;568;394;380;666;310;678;540;583;419;309;347;356;328;513;491;390;268;320;350;497;475;418;323;437;400;404;475;468;400;737;468
juin-07;19;435;679;466;397;817;330;714;642;600;442;361;397;370;362;494;514;546;347;327;354;697;602;438;398;487;410;454;375;490;467;884;484
juil.-07;32;372;661;496;420;738;340;757;559;618;483;315;391;457;358;540;481;434;352;372;396;623;636;446;442;457;504;514;485;531;429;896;502
août-07;27;389;688;549;469;812;368;891;610;641;510;353;386;461;428;505;581;466;408;328;388;655;628;435;439;528;541;528;472;456;523;847;514
sept.-07;23;305;629;389;332;618;300;665;467;542;513;335;296;346;323;434;466;355;343;275;341;482;491;381;373;474;382;503;405;503;408;639;410
oct.-07;19;404;638;454;351;658;303;745;511;577;435;308;270;326;365;467;459;392;274;226;341;532;504;378;374;504;345;459;397;450;426;584;414
nov.-07;22;325;528;400;367;661;267;694;445;545;425;307;259;315;296;454;467;417;286;299;303;462;484;386;377;420;339;430;377;461;375;576;405
déc.-07;11;267;367;303;256;439;240;531;358;409;324;241;182;246;235;338;358;271;222;168;189;370;368;230;288;426;234;323;296;384;284;454;326
janv.-08;16;215;354;252;207;337;217;400;336;361;251;178;187;204;238;309;309;215;205;186;159;359;294;208;307;318;254;255;232;272;247;370;289
févr.-08;33;228;347;285;233;399;189;438;310;380;262;181;177;217;220;267;354;243;225;149;163;338;296;239;352;335;235;263;264;248;245;400;258
mars-08;6;198;333;233;240;341;162;399;276;311;255;175;160;206;180;256;307;171;206;133;160;319;264;204;394;308;186;300;219;276;228;368;228
avr.-08;5;200;314;229;242;371;162;382;269;293;205;162;182;186;221;236;315;236;194;186;179;286;229;215;331;301;243;234;216;215;273;459;303
mai-08;29;145;372;232;188;360;206;395;253;267;234;161;142;188;199;246;307;199;214;162;182;289;292;221;300;310;262;285;242;262;223;438;270
juin-08;9;151;317;217;166;364;237;326;209;253;233;136;116;183;249;247;276;284;205;133;157;270;224;218;309;237;221;218;232;275;216;341;311
juil.-08;11;110;326;211;159;314;200;292;255;290;265;144;153;174;161;223;226;193;186;164;161;260;199;205;176;248;268;214;216;199;202;307;223
août-08;8;107;244;195;139;305;164;265;185;232;166;118;138;173;169;177;219;171;217;117;139;218;200;151;128;211;175;159;158;253;191;307;183
sept.-08;6;85;234;187;140;234;159;246;165;177;140;83;97;120;131;156;186;174;166;155;111;186;154;154;105;214;151;149;151;149;161;272;193
oct.-08;9;85;231;158;141;270;117;254;176;197;151;108;115;129;147;179;222;139;146;117;124;153;159;154;91;173;139;160;156;144;170;317;194
nov.-08;2;75;176;136;116;202;117;198;120;152;113;110;81;92;113;151;144;122;177;90;72;131;140;102;68;135;113;119;147;106;110;199;149
déc.-08;6;89;190;152;89;232;122;237;166;165;112;135;78;114;124;152;182;148;133;105;80;151;115;154;127;194;138;111;135;130;124;170;145
janv.-09;5;48;139;82;73;168;96;142;96;88;90;82;71;75;101;100;129;91;93;78;90;104;110;99;84;130;110;89;113;108;110;135;140
févr.-09;6;51;153;101;58;158;89;160;105;149;72;79;63;74;87;85;102;88;120;95;68;92;80;107;72;104;104;89;112;121;97;175;135
mars-09;8;54;157;125;70;195;118;221;116;137;122;93;90;94;94;116;163;90;132;121;90;129;117;104;88;161;128;123;152;149;115;262;163
avr.-09;9;63;184;134;96;230;125;209;143;168;88;152;87;96;114;142;169;95;134;137;112;128;115;116;88;162;175;100;129;115;103;239;166
mai-09;6;67;191;174;92;260;157;210;161;193;125;107;129;117;112;204;203;120;127;137;157;146;143;150;98;149;159;142;164;192;127;316;176
juin-09;18;88;212;173;104;299;181;278;212;149;161;191;156;150;158;177;225;169;171;173;121;153;133;220;112;216;207;191;182;260;154;369;238
juil.-09;20;110;327;230;145;414;224;306;248;249;216;160;209;189;218;259;263;183;283;232;222;240;213;230;130;237;277;248;248;359;216;492;303
août-09;20;120;314;225;149;393;214;351;227;254;219;199;230;194;197;230;229;176;242;187;175;246;245;201;110;225;272;240;228;299;191;478;268
sept.-09;19;171;362;213;149;435;251;318;237;249;201;166;243;206;200;246;211;197;260;228;204;252;207;221;155;277;275;248;228;304;191;473;323
oct.-09;19;145;395;233;187;466;241;375;268;307;222;186;196;215;195;248;300;197;248;229;195;295;230;255;134;274;303;304;270;258;243;501;315
nov.-09;11;158;366;194;185;386;212;306;243;281;184;189;205;197;203;250;282;191;271;226;211;281;205;234;139;273;267;255;250;367;201;420;319
déc.-09;16;187;370;289;263;502;278;471;312;314;237;248;239;231;253;334;296;214;268;176;221;298;298;266;198;329;290;291;314;434;223;527;313
janv.-10;20;73;268;126;149;299;210;225;231;200;137;149;184;173;127;156;166;163;183;202;167;265;155;189;108;290;213;212;144;263;139;373;253
févr.-10;9;105;272;179;144;301;185;296;207;193;169;140;153;176;154;192;184;195;187;151;168;208;194;171;137;212;218;237;157;263;171;345;239
mars-10;15;134;321;192;218;318;218;303;254;266;170;161;203;180;184;253;223;192;229;207;181;251;231;169;173;256;228;189;175;299;180;418;317
avr.-10;22;123;260;201;184;353;163;263;246;243;165;184;203;158;152;200;239;166;205;221;191;250;194;175;117;239;233;243;221;291;160;453;314
mai-10;21;124;333;234;191;355;181;290;230;233;156;145;197;150;185;208;206;201;229;181;152;299;212;209;140;239;263;238;157;343;150;390;264
juin-10;29;146;400;208;219;441;231;327;284;240;196;173;242;238;223;274;317;256;259;224;234;313;233;252;179;330;314;312;197;395;232;473;365
juil.-10;24;156;424;249;245;456;304;326;306;282;259;208;278;272;208;269;315;233;273;253;223;390;285;275;155;290;360;356;239;389;225;567;367
août-10;21;124;425;249;227;416;273;365;266;287;181;202;227;220;188;251;269;225;287;198;236;353;261;234;141;251;303;345;227;277;209;552;280
sept.-10;20;113;395;230;204;381;270;307;311;245;201;197;235;181;195;233;303;212;247;218;213;301;284;237;147;233;294;344;207;300;192;454;290
oct.-10;12;116;374;231;208;371;228;324;265;232;227;198;193;191;231;262;283;195;229;197;183;317;266;214;129;216;277;316;185;271;212;412;306
nov.-10;12;118;368;209;197;336;249;280;297;222;176;235;183;185;226;198;273;230;264;177;190;284;226;194;140;203;242;261;230;391;188;417;262
déc.-10;31;121;303;162;203;352;221;319;272;245;196;195;191;195;172;226;295;190;210;201;200;261;242;222;115;193;243;253;221;286;184;422;306
janv.-11;16;92;246;166;149;230;221;197;191;182;142;137;181;159;137;142;196;154;199;182;138;267;179;133;108;165;233;206;100;260;161;341;260
févr.-11;12;94;231;148;133;310;177;229;218;201;156;131;181;158;153;168;231;155;153;164;142;223;148;136;103;177;187;218;135;209;163;309;243
mars-11;19;136;298;181;164;308;190;269;224;174;195;129;233;162;138;178;256;145;198;235;138;249;216;198;147;183;231;233;158;270;192;324;304
avr.-11;21;117;250;197;179;354;212;237;225;203;179;124;234;174;148;212;256;190;175;266;165;310;221;207;114;186;248;250;176;214;153;425;281
mai-11;28;109;295;195;170;297;162;245;227;183;200;161;204;172;146;168;213;171;170;158;171;273;184;198;125;194;193;225;194;279;160;387;203
juin-11;22;135;322;248;182;378;227;276;222;233;231;233;209;183;196;212;268;208;214;187;215;305;265;215;124;211;279;313;221;345;193;474;300
juil.-11;19;127;372;224;197;439;256;340;296;240;306;181;247;199;212;259;303;247;245;245;219;342;271;259;145;250;328;297;260;390;201;518;308
août-11;27;127;374;220;199;395;263;352;285;266;264;270;266;230;221;240;328;229;269;235;235;352;282;275;138;263;334;347;278;307;243;585;299
sept.-11;25;145;399;248;206;389;267;323;280;234;241;272;233;245;223;275;366;222;284;238;192;364;315;248;142;240;298;307;215;262;214;507;288
oct.-11;21;141;357;233;202;360;249;339;279;278;214;178;244;187;188;250;291;173;195;184;190;296;248;220;127;243;269;292;242;255;212;473;241
nov.-11;21;124;369;237;203;387;204;317;280;260;217;198;253;192;201;257;335;186;229;202;211;297;268;221;143;212;263;240;217;321;206;414;271
déc.-11;24;111;395;248;207;488;192;369;284;263;215;203;206;213;193;226;318;214;246;167;223;308;243;284;186;205;269;245;237;250;219;487;279
janv.-12;11;81;300;186;171;337;174;226;229;207;180;128;185;178;163;206;232;180;213;187;150;257;225;204;175;155;211;270;166;209;162;350;223
févr.-12;17;122;311;181;152;339;165;261;194;229;210;198;155;171;167;217;259;174;224;167;143;263;209;184;124;184;197;237;193;246;161;359;246
mars-12;9;162;364;281;198;429;210;421;300;309;317;220;225;221;199;339;345;265;221;159;210;404;365;259;215;243;254;391;268;354;248;437;257
avr.-12;12;68;279;187;132;276;153;192;173;203;174;153;232;149;125;189;187;160;194;170;147;238;208;156;82;176;222;213;155;229;125;374;228
mai-12;12;101;341;212;126;384;198;299;268;232;224;190;209;177;164;255;220;180;234;190;179;317;221;212;105;186;265;269;160;332;159;449;304
juin-12;21;127;380;252;148;454;204;275;279;234;273;216;220;181;192;205;275;214;274;190;191;305;354;238;112;203;299;242;216;371;203;506;278
juil.-12;16;134;321;281;192;459;259;312;302;225;226;218;265;270;191;266;296;184;291;234;210;382;317;250;131;233;339;274;221;388;199;528;337
août-12;17;122;392;288;181;520;245;334;312;278;256;288;258;265;206;247;320;217;292;173;260;394;316;253;103;228;346;308;261;330;240;551;272
sept.-12;15;90;379;210;195;347;224;287;252;219;190;298;222;206;229;205;264;191;251;196;199;402;276;263;156;188;308;309;198;316;179;396;246
oct.-12;17;102;337;266;170;464;172;350;307;201;225;233;213;201;223;208;291;183;231;181;212;358;268;291;178;230;258;295;269;302;208;418;284
nov.-12;22;119;339;283;204;454;211;372;331;243;249;224;216;227;213;242;330;252;225;184;237;328;317;221;152;261;302;290;279;296;234;486;283
déc.-12;28;114;312;247;188;382;198;288;290;221;240;252;196;197;192;231;279;169;187;189;209;291;253;239;170;216;271;256;180;223;207;423;263
janv.-13;16;92;337;183;132;302;235;253;264;181;187;157;213;207;169;181;194;181;167;181;160;296;249;209;136;187;219;246;163;305;170;405;257
févr.-13;20;120;321;195;166;303;156;299;274;215;182;161;166;174;166;187;215;189;165;145;150;270;212;187;192;185;199;233;190;253;188;330;285
mars-13;18;96;417;225;185;310;169;358;320;215;271;192;202;174;164;237;278;187;226;206;172;308;257;262;173;176;242;255;194;348;206;378;242
avr.-13;13;107;338;237;154;342;214;297;256;211;187;217;221;175;185;260;210;176;166;174;164;336;259;235;139;215;244;296;184;276;188;450;262
mai-13;31;135;402;282;195;475;253;385;287;284;263;259;225;214;206;244;251;208;238;221;219;416;317;263;172;230;315;395;246;299;217;559;304
juin-13;11;132;325;252;205;434;213;411;316;245;271;243;251;224;208;266;257;239;278;219;234;408;384;251;188;220;278;399;221;334;197;513;303
juil.-13;29;165;457;299;207;536;318;440;371;327;315;272;342;257;239;343;330;273;320;280;286;450;406;298;216;266;369;464;297;451;284;659;323
août-13;94;192;505;379;232;567;289;436;390;322;353;298;306;259;247;366;304;271;316;249;303;478;387;319;194;288;404;389;302;469;295;610;340
sept.-13;104;147;418;319;204;508;282;404;342;324;349;230;306;231;234;357;303;261;250;258;259;438;408;301;239;274;298;388;283;414;252;543;348
oct.-13;54;175;445;331;254;563;243;535;375;373;395;208;258;264;272;377;332;300;278;221;294;442;455;319;205;317;365;400;326;398;300;551;310
nov.-13;22;215;438;357;283;624;263;486;329;375;393;244;254;237;261;363;359;306;300;262;279;547;462;328;266;320;370;418;337;486;295;608;340
déc.-13;21;212;368;319;248;522;295;548;324;344;368;239;269;249;223;393;322;259;294;230;244;546;422;274;266;307;318;398;263;397;313;659;321
janv.-14;26;127;410;316;232;520;245;455;301;326;341;169;289;243;233;324;340;257;220;280;232;464;352;273;237;308;296;323;277;430;241;576;303
févr.-14;17;156;397;306;243;521;187;468;274;334;299;256;207;217;204;311;288;254;206;222;217;380;363;257;218;278;256;365;269;426;265;448;254
mars-14;36;158;388;296;240;443;242;532;287;333;272;212;186;231;228;346;291;264;214;222;205;381;364;262;264;256;268;331;246;525;297;453;264
avr.-14;19;157;416;277;255;487;293;517;293;302;340;246;253;227;201;293;278;285;225;267;247;372;373;277;211;270;280;301;222;466;262;592;305
mai-14;22;166;383;279;233;484;228;469;254;306;567;226;240;236;210;341;299;298;264;269;223;398;378;284;241;298;294;323;254;438;323;589;338
juin-14;21;162;427;334;254;511;225;507;285;330;435;310;277;243;268;373;305;317;262;213;245;395;360;248;319;342;271;339;243;466;304;474;421
juil.-14;15;209;516;382;281;587;281;531;293;336;497;280;288;280;251;403;309;272;310;251;306;524;481;267;250;379;345;343;260;421;348;525;319
août-14;27;202;465;377;248;618;261;552;349;359;428;244;296;287;245;339;335;263;249;217;299;481;429;307;287;311;358;439;401;405;326;559;280
sept.-14;18;185;432;342;255;490;232;539;288;336;405;266;233;223;248;470;333;273;228;208;299;416;366;273;263;311;277;335;331;400;305;486;371
oct.-14;12;237;451;353;263;578;232;541;318;345;373;282;232;251;263;395;338;281;223;228;298;394;433;248;283;348;312;307;382;472;334;478;288
nov.-14;39;201;376;324;234;429;164;460;276;323;320;206;182;234;234;297;354;280;187;158;245;347;344;228;227;316;232;279;274;397;283;428;217
déc.-14;71;299;397;358;246;501;190;439;284;274;348;221;187;254;218;354;361;291;288;169;242;421;369;223;245;276;277;305;289;334;278;456;280
janv.-15;37;204;353;278;199;418;181;403;289;272;351;194;160;183;217;253;244;266;174;187;184;351;289;198;198;242;206;244;228;276;238;403;222
févr.-15;39;184;378;244;196;402;153;412;213;281;367;167;148;168;199;291;292;207;168;180;190;346;261;194;211;293;225;260;228;251;233;357;199
mars-15;35;183;421;261;248;410;224;479;283;321;290;176;162;197;197;289;270;240;235;195;181;370;371;226;217;307;196;277;252;406;320;365;243
avr.-15;21;162;325;281;207;463;160;415;269;265;242;243;192;184;212;253;256;229;209;156;210;340;315;213;185;185;240;274;241;328;293;491;264
mai-15;24;167;375;343;176;516;187;489;294;327;286;229;223;231;224;307;280;280;172;170;202;338;386;238;228;237;236;321;262;401;240;470;200
juin-15;19;218;449;390;341;475;199;492;365;286;324;311;255;287;309;383;333;319;215;182;236;424;480;271;374;292;287;375;322;400;283;561;264
juil.-15;17;200;470;425;404;649;273;554;381;398;411;369;262;319;433;446;416;305;214;201;261;487;421;298;268;341;351;440;332;379;356;630;269
août-15;18;185;416;355;325;548;214;494;340;317;325;336;218;279;258;398;368;275;222;169;236;477;364;276;240;310;314;381;288;368;321;623;241
sept.-15;35;209;440;342;342;539;243;538;306;337;427;215;237;243;290;458;372;313;194;190;210;424;407;292;283;322;326;376;272;362;328;544;270
oct.-15;21;235;547;374;249;601;216;510;326;341;379;235;229;258;258;394;386;342;184;171;265;404;445;271;307;335;331;387;384;390;298;575;278
nov.-15;11;221;506;331;237;503;249;505;273;323;443;213;186;201;257;386;320;277;197;160;222;343;320;252;273;300;273;393;302;313;302;448;212
déc.-15;31;237;445;318;202;530;188;475;330;303;456;234;176;215;253;330;302;280;198;217;229;343;343;255;298;300;273;328;295;309;282;461;264
janv.-16;15;158;357;232;239;412;171;375;255;291;263;157;152;180;222;312;271;192;170;170;170;372;283;196;252;250;268;245;201;244;257;388;207
févr.-16;36;214;395;307;209;393;169;413;245;248;334;162;184;183;182;302;274;204;172;141;209;317;313;209;238;261;199;290;265;330;254;360;196
mars-16;35;351;891;445;542;743;438;832;557;612;579;383;427;356;462;542;604;490;529;491;416;628;639;476;479;534;499;616;460;615;421;828;581
avr.-16;7;137;237;214;155;341;133;312;150;157;207;155;133;147;112;190;172;189;163;95;115;213;246;120;132;145;182;157;164;192;162;386;126
mai-16;9;144;396;233;155;402;114;389;200;209;198;175;145;159;136;263;210;167;141;90;129;228;263;153;141;191;182;215;181;295;187;364;153
juin-16;7;179;486;266;252;428;193;411;247;243;306;178;176;194;197;287;249;231;153;124;165;331;431;206;148;207;218;271;257;542;229;487;165
juil.-16;7;182;395;303;267;441;163;487;217;260;258;186;206;219;191;332;281;205;221;105;203;382;339;212;219;269;241;415;255;463;260;458;146
août-16;8;159;386;297;197;434;136;491;276;281;392;200;149;207;186;328;351;211;161;96;176;298;303;226;218;251;242;346;294;393;284;404;154
sept.-16;8;187;436;305;295;385;157;436;291;253;317;162;166;205;145;355;235;289;163;114;143;309;264;215;142;219;248;249;279;407;262;452;182
oct.-16;11;160;361;287;239;447;162;430;197;225;346;212;160;149;166;244;252;264;156;104;149;308;268;175;373;257;196;276;289;367;283;411;175
nov.-16;16;178;376;278;267;363;152;369;269;249;281;239;147;133;173;328;286;251;148;125;152;299;350;199;309;250;220;253;317;373;236;355;219
déc.-16;13;154;383;261;175;458;209;367;272;211;321;247;158;160;197;295;241;251;163;172;188;277;305;222;305;230;224;292;310;380;239;435;323
janv.-17;11;129;251;228;170;344;154;360;200;208;259;179;162;131;164;284;211;158;133;136;121;247;234;134;214;190;201;251;232;378;229;414;192
févr.-17;9;146;319;254;164;313;149;423;215;189;219;169;157;154;170;293;236;178;115;109;141;253;248;174;280;223;187;222;261;383;216;333;206
mars-17;18;223;405;256;185;414;221;447;293;274;282;208;174;165;197;347;274;257;158;152;181;330;245;236;388;271;280;274;255;284;250;465;250
avr.-17;20;125;293;238;176;330;177;408;195;214;234;172;184;124;149;254;234;199;127;124;133;288;262;200;358;191;199;246;211;268;177;356;254
mai-17;21;174;353;234;239;368;161;404;199;244;258;164;174;148;150;259;308;171;116;125;184;400;315;214;359;195;238;324;233;314;188;432;208
juin-17;19;192;410;303;246;478;244;451;249;290;407;144;200;204;182;276;294;217;173;171;178;367;475;227;456;233;219;366;254;344;260;448;215
juil.-17;20;160;325;289;210;427;153;430;248;239;307;218;197;178;200;345;284;183;151;123;196;308;304;219;369;243;268;380;277;245;246;570;182
août-17;21;164;368;351;181;504;198;434;268;267;269;210;162;188;192;363;354;232;167;124;221;341;294;243;290;262;262;317;315;301;258;581;219
sept.-17;29;178;328;264;161;425;187;460;233;215;350;180;151;176;168;327;286;305;160;137;154;359;252;239;219;240;216;348;260;284;239;483;225
oct.-17;17;206;347;294;125;418;184;420;217;258;384;199;191;184;156;282;265;266;127;111;156;338;259;221;243;242;250;315;230;239;274;395;176
nov.-17;14;193;319;298;205;381;194;384;221;206;309;167;198;160;197;288;279;265;132;115;188;254;244;193;260;224;218;246;257;220;222;362;214
déc.-17;20;180;310;270;161;404;173;394;249;225;258;269;200;144;177;282;286;229;135;138;154;351;308;205;285;252;222;271;233;304;234;339;216
janv.-18;34;154;247;234;123;299;127;326;216;186;207;171;171;125;172;248;223;204;120;129;140;264;260;174;266;204;181;230;196;208;180;333;208
févr.-18;27;150;273;228;121;314;152;277;199;198;234;142;190;122;148;249;236;159;117;89;120;255;197;130;390;174;171;223;210;209;190;290;202
mars-18;19;160;314;241;148;391;153;314;236;237;265;138;230;159;185;289;277;207;133;125;181;301;285;205;248;219;211;245;212;259;210;355;198
avr.-18;14;150;295;232;138;374;132;283;211;165;292;141;178;164;144;230;249;160;124;117;128;243;234;165;265;192;199;218;189;188;173;348;176
mai-18;19;166;245;235;138;354;142;329;220;200;318;154;204;206;147;257;204;155;131;86;165;278;246;193;261;204;193;321;209;218;217;413;152
juin-18;87;172;447;250;162;407;160;389;258;240;312;177;171;187;250;296;237;202;119;133;183;272;352;178;274;211;220;422;217;257;239;498;155
juil.-18;32;211;335;264;237;411;161;385;257;230;401;203;214;197;203;340;241;235;159;119;181;282;268;219;189;238;257;324;248;332;262;498;170
août-18;22;151;411;294;233;532;189;417;274;244;343;239;183;236;225;346;312;232;190;103;218;286;329;241;218;213;309;354;263;364;304;529;170
sept.-18;40;148;349;245;171;363;137;350;236;238;282;202;184;145;193;326;251;201;188;117;169;252;223;198;271;267;229;334;229;328;257;357;156
oct.-18;30;161;335;282;177;432;127;420;217;225;341;148;187;178;200;327;284;192;154;133;227;292;361;225;244;205;224;354;217;297;253;334;173
nov.-18;31;171;319;317;176;424;163;407;280;201;309;142;163;165;167;348;285;202;171;91;201;311;357;207;282;251;249;316;249;280;277;431;187
déc.-18;36;142;346;237;171;347;198;294;193;196;191;142;153;166;202;263;220;154;146;84;181;313;234;156;267;161;189;272;240;314;256;350;141
janv.-19;10;119;291;215;126;280;102;271;186;202;273;155;110;158;169;224;211;158;128;117;153;227;192;167;184;150;162;210;185;236;208;304;125
févr.-19;10;139;261;219;120;340;119;300;191;194;262;173;113;132;168;223;174;147;156;94;166;207;201;154;150;188;165;180;202;228;157;310;124
mars-19;11;156;290;225;127;341;133;361;237;182;298;205;129;145;261;269;250;187;167;107;191;245;255;155;146;184;188;255;199;276;187;329;184
avr.-19;17;120;332;226;108;349;128;294;186;193;235;139;129;115;213;214;215;161;132;102;143;233;215;177;151;153;170;201;192;214;165;282;159
mai-19;7;111;335;237;152;372;107;329;230;165;253;148;144;162;215;230;261;140;147;114;170;333;251;185;181;198;207;300;182;254;186;353;156
juin-19;15;125;392;242;107;350;154;334;215;217;218;113;131;152;204;254;299;147;172;115;161;309;240;164;217;163;194;263;205;257;328;361;173
juil.-19;13;180;334;279;147;498;167;412;253;231;293;348;190;197;185;287;230;138;189;140;215;343;309;212;222;190;251;261;209;399;267;497;189
août-19;16;189;385;308;147;489;135;393;311;268;344;232;199;208;217;316;272;202;184;132;219;345;334;240;175;270;273;305;284;416;288;525;176
sept.-19;12;140;298;274;153;387;144;363;275;236;309;167;169;184;206;281;265;172;138;124;165;305;290;166;178;250;225;339;225;291;234;430;191
oct.-19;4;140;307;273;151;459;154;418;257;250;284;191;244;165;187;291;292;223;177;118;212;270;276;233;181;272;231;328;224;268;229;403;189
nov.-19;5;147;313;271;259;424;156;375;213;251;292;206;185;187;207;328;255;194;160;116;214;291;290;201;195;212;259;282;237;244;228;421;215
déc.-19;16;115;268;244;141;376;143;340;188;198;296;289;164;179;186;268;240;177;124;125;178;277;227;168;146;193;216;272;209;234;269;399;242
janv.-20;7;128;242;206;139;378;173;306;220;178;206;174;178;148;185;257;248;183;120;147;139;220;230;180;130;187;208;183;209;289;201;340;188
févr.-20;25;128;279;255;172;368;150;313;211;189;252;161;172;122;155;268;222;163;174;107;156;271;231;141;115;197;203;174;216;270;178;280;147
mars-20;17;119;307;275;147;395;157;313;260;172;254;145;199;169;167;275;192;177;234;139;156;271;240;170;135;169;190;207;160;280;201;369;181
avr.-20;14;52;116;105;61;134;88;134;121;98;116;60;125;79;70;135;89;89;82;84;74;137;117;74;63;73;91;99;114;149;95;152;116
mai-20;5;52;83;101;72;170;63;134;102;78;94;68;95;77;65;145;101;67;64;65;55;129;131;68;75;70;86;109;92;106;84;151;72
juin-20;3;96;179;200;75;269;77;231;148;155;131;128;103;112;122;239;131;92;69;63;88;175;174;136;102;143;119;147;152;195;156;214;87
juil.-20;4;108;252;226;130;344;151;316;148;169;198;167;160;124;124;227;192;135;114;110;155;296;219;159;168;154;217;157;162;246;184;348;124
août-20;7;121;269;241;152;347;121;327;197;162;195;144;152;164;133;230;211;138;112;75;159;257;237;154;180;138;203;207;190;203;196;364;162
sept.-20;6;121;343;232;161;408;154;332;215;200;209;192;196;188;174;270;216;174;192;142;162;265;274;194;199;173;227;225;206;257;196;386;198
oct.-20;7;159;364;328;179;489;180;426;229;238;294;160;181;202;181;318;282;177;164;140;191;325;276;236;189;198;268;251;245;333;247;444;182
nov.-20;11;127;361;263;162;452;162;410;216;254;304;145;170;177;171;275;285;212;165;125;213;334;303;227;183;219;274;234;293;253;239;459;147
déc.-20;8;143;446;315;197;534;163;431;267;277;349;170;199;242;166;380;328;221;261;131;222;403;372;255;228;223;299;272;256;319;297;628;199
janv.-21;13;117;362;285;200;443;174;416;246;254;287;205;196;223;199;351;252;198;155;124;192;284;273;226;180;234;279;222;238;276;264;480;182
févr.-21;6;196;430;424;224;553;187;490;322;371;335;271;207;259;275;487;333;240;189;147;281;375;348;281;257;284;331;248;347;322;382;491;177
mars-21;28;258;694;567;360;871;348;807;558;494;453;445;415;446;409;698;538;355;333;289;404;756;583;485;357;457;518;506;483;662;560;885;444
avr.-21;8;166;372;330;284;467;191;491;321;295;277;212;229;270;227;458;369;203;193;129;225;375;334;234;205;277;268;252;253;342;293;416;185
mai-21;11;148;298;271;208;376;146;414;285;261;280;211;185;190;158;347;296;206;145;130;190;298;250;191;176;226;214;225;229;312;254;382;183
juin-21;51;311;1 189;761;590;1 364;630;1 153;912;837;874;818;650;806;581;981;851;655;652;431;609;1 255;832;780;532;691;820;868;685;1 166;854;1 564;659
juil.-21;4;66;111;136;79;141;46;211;117;80;109;78;57;62;53;151;103;72;38;50;72;105;121;81;94;88;91;81;104;140;78;135;76
août-21;5;107;252;231;107;328;111;325;188;212;242;132;124;132;117;261;212;148;107;129;151;216;224;195;137;142;227;200;195;328;173;267;138
sept.-21;21;230;606;463;263;666;263;657;507;409;387;287;273;314;295;559;463;277;282;221;337;466;452;367;250;330;392;386;433;506;413;725;248
oct.-21;8;112;244;171;79;262;97;266;173;141;195;113;106;130;108;200;176;104;97;96;135;168;184;143;96;137;152;151;146;205;156;258;126
nov.-21;24;141;294;261;125;354;136;368;240;242;256;161;222;152;145;286;244;174;124;126;162;257;232;195;126;179;218;185;188;277;200;355;188
déc.-21;16;133;350;281;136;393;168;406;279;231;254;209;182;184;161;286;254;152;154;142;165;303;282;213;218;217;200;250;247;296;259;437;197
janv.-22;12;116;269;192;139;318;121;294;243;198;238;143;160;169;144;247;210;159;117;151;168;243;211;192;156;188;207;197;188;231;200;368;174
févr.-22;9;120;347;235;170;385;170;344;247;231;258;209;177;153;131;291;247;183;152;128;168;280;219;214;154;215;207;217;247;268;198;376;193
mars-22;19;193;456;278;212;398;164;432;334;249;233;221;220;202;177;317;289;177;182;210;194;318;314;219;266;221;262;331;243;322;269;473;235
avr.-22;15;122;321;243;185;392;141;373;277;226;220;182;193;184;166;247;213;153;170;166;154;296;289;210;195;206;216;233;175;287;230;489;263
mai-22;19;120;376;248;187;375;171;360;287;246;237;183;203;193;165;292;245;160;187;160;212;293;258;200;212;206;243;263;237;322;224;475;209
juin-22;11;117;462;261;257;401;180;375;275;242;306;207;187;189;255;307;307;215;184;174;208;320;269;194;303;188;230;264;250;395;258;517;220
juil.-22;18;156;377;286;275;469;182;432;333;240;332;209;224;257;227;319;308;199;191;182;223;406;381;292;262;200;313;326;235;398;290;576;238
août-22;19;156;366;288;262;459;197;413;346;264;356;229;238;275;188;310;282;257;244;173;271;438;374;260;177;205;310;327;262;419;277;548;242
sept.-22;18;176;399;304;205;485;263;451;350;283;292;283;192;283;211;299;295;279;202;188;236;378;316;280;189;216;306;338;261;395;269;599;267
oct.-22;12;130;353;308;209;437;171;427;322;257;317;218;194;228;168;313;273;272;230;160;238;396;323;245;198;243;269;308;234;356;283;626;258
nov.-22;8;135;391;323;209;464;176;436;450;263;278;214;200;283;182;336;295;227;203;144;200;357;340;250;172;206;245;285;276;297;331;500;302
déc.-22;13;128;369;321;168;432;193;404;286;242;229;192;223;213;144;309;331;218;173;146;181;337;299;201;219;194;224;267;283;250;241;472;223
janv.-23;5;114;254;237;137;256;149;309;199;167;193;140;155;132;114;231;203;147;115;128;155;269;187;153;161;180;197;213;214;204;203;326;199
févr.-23;12;95;205;173;114;285;111;274;196;169;173;125;181;139;124;256;190;160;114;97;142;227;217;155;129;118;150;188;201;197;199;282;189
mars-23;15;107;251;226;201;301;155;308;254;195;181;161;208;160;170;232;207;187;187;139;188;230;261;161;148;186;174;190;201;205;226;335;221
avr.-23;11;67;172;143;107;211;109;184;148;133;126;110;135;133;88;171;133;102;103;96;112;163;154;119;113;114;141;141;136;109;125;263;158
mai-23;9;90;230;163;91;232;131;229;174;136;153;109;113;117;109;185;197;119;115;110;113;180;134;126;114;124;155;180;151;139;147;284;176
juin-23;16;94;244;221;165;260;160;264;204;166;176;146;171;145;138;215;257;122;137;151;164;225;179;182;131;142;194;199;189;176;190;371;222
juil.-23;14;85;241;177;129;284;129;283;210;165;195;148;179;164;121;200;183;135;160;138;143;280;233;179;100;164;223;230;167;193;200;438;153
août-23;27;99;260;233;148;354;170;326;254;224;212;150;189;182;176;228;242;177;181;141;194;296;230;230;146;156;268;237;195;242;228;430;163
sept.-23;11;92;257;216;143;334;209;289;237;196;223;199;235;205;138;253;209;147;155;168;153;305;255;177;142;170;212;283;177;281;221;438;182
oct.-23;10;102;231;196;123;350;145;271;228;178;181;157;185;157;120;227;199;130;166;122;151;297;220;147;115;151;208;240;200;214;217;410;194
nov.-23;11;100;289;203;136;299;140;275;205;173;192;186;169;172;124;199;197;135;165;122;136;275;200;165;146;153;170;219;179;205;188;345;150
déc.-23;11;69;211;157;96;261;114;263;200;154;185;133;131;140;113;219;161;130;157;107;116;241;230;153;134;153;172;204;126;156;186;313;172
janv.-24;8;98;228;154;125;269;120;236;152;139;153;124;116;101;102;215;164;138;92;118;119;189;150;149;142;124;141;167;167;141;145;245;140
févr.-24;7;89;214;176;113;256;101;248;187;147;162;122;153;157;109;198;173;141;121;110;139;214;173;136;120;141;166;173;138;143;184;283;149
mars-24;11;84;217;178;90;277;115;239;170;194;193;143;147;125;87;217;185;154;114;121;110;225;190;167;110;154;175;190;152;183;162;298;153
avr.-24;17;66;208;166;128;257;112;232;167;142;149;123;143;113;109;195;150;113;144;130;125;206;175;165;102;129;159;182;153;190;175;284;154
mai-24;16;96;254;217;111;309;143;275;194;163;206;143;165;157;130;216;178;156;143;130;126;225;178;136;129;134;202;190;166;176;169;332;140
juin-24;9;79;209;161;118;313;125;228;127;155;149;131;121;136;101;189;150;123;132;130;118;227;200;151;117;139;177;191;134;166;182;285;112
juil.-24;8;69;233;228;126;328;133;263;217;163;190;142;150;150;131;238;175;130;156;99;138;251;210;189;119;133;213;242;153;204;206;403;163
août-24;8;66;224;182;97;319;145;243;179;161;181;131;128;156;98;197;194;122;140;91;131;244;190;165;91;132;194;213;172;187;174;355;123
sept.-24;13;70;167;171;103;232;103;181;137;138;144;123;112;116;96;141;136;102;112;65;120;191;170;107;95;81;122;153;116;149;125;225;112