Route;1999/00;2000/01;2001/02;2002/03;2003/04;2004/05;2005/06;2006/07;2007/08;2008/09;2009/10;2010/11;2011/12;2012/13
25;10085060;11348007;12320822;14302139;17119099;21057007;22053873;22368234;22830950;23128928;23170101;23301504;23000069;23415401
18;8383642;9828572;10628128;12529260;14100375;15623555;15934531;16161666;16495991;16711288;16741037;16874721;17686579;17153879
29;10547611;11575323;12324516;13344498;15661574;16991637;16880308;14328922;14625335;14816217;14842592;14926768;15702341;16873388
149;12035990;12921115;13725659;14249299;15792034;15211949;14855799;15067557;15379249;15579971;15607706;15320187;14883534;14612975
38;9593947;9593238;9049692;10460021;12299236;10968691;13970156;17860498;18229966;18467894;17469872;15253720;14858555;13503949
207;13428176;15004149;16385204;17853730;18636428;19608108;12262472;12301062;12555526;12719394;12742036;12814299;13167290;13464401
5;4052711;4669430;4926340;5315092;5997506;6602949;7146867;10399870;10917273;11479094;11420785;11842198;11950929;12586353
73;13473811;13721932;13430215;14273606;13420399;14587981;14567091;14774734;15080369;15277190;15304386;15391181;13876830;12533557
86;6066669;7082145;7389035;9027039;10024444;10522857;10366767;10238382;11380954;12173351;12610831;13009000;13049244;12120474
243;5437096;7482170;8721795;9329349;11680885;12240784;12832657;12101172;12660016;12440229;12157919;12305833;12571981;12066250
83;6165520;6807482;6835523;8004210;9143726;9884839;10366855;10156428;10350065;10631382;10832776;11910257;12391569;11822923
279;9521451;10113131;10603721;11946953;12883235;10759484;9937425;9778104;9868982;10227220;11275805;11386623;11788799;11691844
43;8001808;8504095;8687985;9379439;10094868;9560668;9614324;10392788;10930463;11495263;11251236;11119756;11475474;11668439
12;11665762;12485642;12434147;12533009;12221335;11449800;12227092;12401380;12657919;12823124;12845951;12918803;12457593;11351159
53;11738770;12627607;12478470;12546226;10375252;11061025;10885280;10517930;10961655;10479457;11311779;11207246;11708946;11227319
140;6215772;6925057;6925506;6936226;7274275;8426839;9052804;8849001;8971919;9527624;9933113;10374578;11074280;11137900
254;0;0;0;0;9716326;11763024;11636018;11498182;11414517;11819482;11901865;12064595;11809226;11011421
253;17710211;18709402;17866056;18652587;12409485;11529472;11503209;11458869;11564194;11793249;11654548;11416251;11574339;10729524
109;7990387;7545793;7501021;8236492;8414670;8761583;9116794;9030434;9273835;9355518;10047676;10412616;10752436;10526734
36;12880025;14130617;14987924;14214967;9298166;8672096;11081160;10406930;10563878;12098359;11896470;11779322;11583231;10501251
436;0;0;0;1427240;11334570;11936524;11765731;11933443;12180302;12339273;12361239;12431342;11815595;10314014
345;6838026;7042790;7235676;9098375;9992256;9856717;9783864;9139127;8981513;9494875;8905401;9096873;9236451;9753957
159;5039152;4951338;5370657;5721924;5930848;5928484;7243389;9204469;8959024;8725552;9059513;9825126;9736153;9720210
266;7146086;7708127;8382590;8394037;8706071;8970534;9222764;9952823;9685432;10017780;9575750;9512240;10231236;9455740
133;8554715;9003469;9708415;9992923;9185877;9493638;10131237;9338627;9342533;9284184;9155962;9280096;8977372;9231355
141;3833035;4024173;3954489;6117798;6651416;7486819;8090214;8951029;9035489;9697534;9813943;9392959;8599165;9178080
69;5219546;5908727;6162477;6776821;7097990;7582132;7905327;8657212;9262879;9691670;9132024;9280807;9402901;9131298
2;7042731;7268204;7224956;7967334;7932349;9387325;9007037;9017839;9133847;9285234;9651714;9492988;9724925;9128465
63;6912667;6957821;7066519;7624693;6957725;7729928;7785376;7634123;7931833;8681879;8814572;8915356;9037356;9116702
94;5464929;5746546;6455980;6988477;8214121;11601394;12156888;11691043;10578221;10395766;9811296;9520441;9243582;8937859
134;4950236;6362723;7420331;7746164;9279736;10178461;9531923;9194529;8929636;8862075;8979462;8808750;9188032;8766428
55;4552062;4999040;5910365;6469088;8134119;8460876;8642434;8178376;8511324;8756750;9117520;9249451;9211742;8756726
453;0;0;0;400720;10143764;10682476;9026351;9155014;9344398;9466356;9483208;9536989;9274867;8728518
259;4434953;4744731;4977631;5437056;5120493;6597096;8168609;7250040;7621696;7990073;7697945;8181926;8659280;8720520
14;5343589;5869117;6046766;6510207;7162510;6351599;8422446;9041124;9505392;9637796;9345362;9212350;8927750;8662645
57;6230488;6306512;6292888;6653600;8340178;8878807;9018656;8747161;8368040;8739995;8654658;8445240;8762503;8636834
182;4832113;5710663;5792491;5777037;6191202;6779891;7388677;7265981;7808824;8436573;8618732;8881403;8874427;8626065
205;0;0;0;2485233;5304425;5770017;6260329;5709008;7231248;8166282;9234046;10068938;9138686;8618989
250;4841933;4888345;5588522;6509860;7086015;8050001;8275883;8142296;7991719;8114799;8131504;8335739;8743431;8602832
468;6304948;6659212;6833878;7467067;7560090;8176782;7743064;7695513;7820356;8382674;8378001;8537691;8878656;8559735
35;7100188;7490776;8097049;8427331;9162733;9119209;9049879;8343896;8187923;8407953;8537756;8704410;8631627;8541277
W3;5051029;5809604;5372990;5889918;6380270;6918635;7277389;7268519;7284276;7750092;7905214;8553365;8366469;8490348
41;5431929;5678403;6109925;6738266;7470125;7892241;7971989;7800253;7862206;8220703;8191589;8198763;8565509;8313107
21;3201659;3315912;3387633;4501564;5472227;5853745;6443928;7658369;7695494;7881987;8184148;8493389;8243450;8306700
93;4521452;4916494;5198322;6209491;6350693;6711826;6949564;6945177;7466376;7821421;7855382;7925715;8341007;8230076
58;4783538;5072186;5140477;5779101;6165754;6403879;6439579;6716194;6619431;6961556;7002471;8249773;8766510;8200348
171;6187697;6830540;7240112;8055833;7977187;7831626;7843249;7956256;8254768;8503804;8328848;8192730;8492005;8085713
188;4554679;5021775;5227726;5491557;7449377;7419516;7743438;7368218;7319800;8143985;8346294;8116271;7790576;8078534
31;6100108;6297626;6246721;6554576;6668206;7768607;8891522;7668656;8532179;8827739;8849052;8967969;8682319;8067107
24;8013901;8073897;8328962;8145224;11047797;10790059;9846465;9470635;9006383;9326228;9467164;9083073;9054839;8059084
E3;5141828;5605125;5644393;6848239;7463231;7329243;7458538;7054684;7349192;7756861;7659670;7916677;8265041;8039738
52;7796460;7851391;7771001;8865899;10114672;10905337;10647909;9545722;8647333;8673327;8834812;8348096;8521876;7999744
427;0;0;0;0;0;0;7369992;7841718;8135579;8421426;8493093;8354976;8742995;7999671
185;5311569;5379888;5876444;4327362;6042661;6804525;7274084;7104871;7451713;7916917;8170842;8026752;8201580;7962414
82;5433291;6134899;6371949;6796365;7705576;7950424;8209319;7745432;7923102;7891046;8028653;7857771;7954914;7942767
343;0;803982;4855945;5801882;6677483;6888483;6825226;6745745;7064597;7392152;7224486;7029310;7662087;7922914
328;5105784;6693068;7079038;6663704;7363386;8329712;9115232;8212769;8934512;8351081;8597401;8413741;8258289;7881936
19;5892304;6118916;5313126;5706595;6831137;7182015;11450570;10520203;9806254;8998566;9004186;8495357;8034289;7803947
341;4543644;4734801;4616773;4589769;5060068;6707105;7334351;7017389;7007773;6902437;6894200;7274234;7844155;7761625
8;7874031;7962733;8349269;8911158;8750619;10558409;11254811;10602898;10446411;9948253;8814231;8563829;7911331;7682957
98;5845845;5699560;5551373;6264927;6664929;9447490;9880090;8467590;8674934;8300676;8668134;8438034;8150129;7652073
607;3385462;3507578;3737763;4895901;5323913;5300046;5782537;5644989;5900181;6487331;6841244;7659054;8126402;7609193
148;0;0;0;2934072;6729989;8054083;9961076;8765377;8246520;8392213;8278126;8460383;8258601;7502158
177;4024068;4583106;4501702;4925735;6269160;6885928;6953254;6560910;6285180;7054240;7325334;7817009;7681147;7500419
176;4769386;4944856;4963048;5126272;6540047;8481698;8929527;8501661;8066520;8195729;7851719;7419296;7872141;7489219
115;2089575;4022474;4324138;4637400;6067597;7069257;7419278;7004221;7302169;7565343;7900692;7996408;7973961;7484964
37;4869532;5240422;5402928;5801315;6619018;6848637;6968700;6948672;7260116;7696639;7613531;7756773;7464641;7459779
123;5208465;5472395;5004255;5300380;5625005;6058033;6860097;6324245;6539595;6865826;7102908;7330131;7609343;7450750
48;4780941;5177877;5260866;5325776;7045130;7386452;7430122;7281918;7514651;7611385;7483422;7405500;7414563;7404364
97;4264107;4270944;4326843;4593579;4654443;4769315;4811626;4521821;4764972;5135202;5102085;5349301;6624511;7390598
65;4949819;4845403;5085308;5314419;5758975;6408163;6853913;7127409;7196454;7188389;6965673;7415050;7620864;7377552
137;4936699;5163713;4835121;5181640;5163069;7692905;8835441;8358640;7979443;8174394;8276454;7821798;6611742;7299372
220;5583787;5610386;6102732;6889703;7471004;7856323;7682438;7200194;7160839;7693820;7455984;7629115;7727049;7261990
183;3592201;3783854;3719973;3518036;3975583;4682062;5038174;5154960;5254575;5797262;6384763;7041995;7399740;7247405
45;4545679;4652197;4800142;5601620;6514246;7787862;8059380;7539079;7172120;7179249;6992438;7083582;7422462;7240546
47;4737212;4966613;5086268;5603801;6307148;6934360;6913479;6640052;6887520;7363306;7787199;7740556;7392804;7183617
102;3815748;3815280;3778493;4484273;5561562;5640679;5854829;5924527;6215058;6834027;6729401;6787926;6798358;7161874
281;5436167;5709413;5608236;5584518;5751902;6127102;6541015;6630653;6869449;7332685;7333609;7342926;7420265;7116411
237;4161897;4111451;4242482;5333983;5593139;5852531;6010500;5903381;6480229;6902841;7275041;7553775;7596993;7111997
16;5322146;5737213;6051578;6241263;6312457;6975282;7041983;7063019;7954429;7126273;7383075;7233802;7341660;7088150
472;1456542;2379255;2642068;3360509;4003372;5428091;5938380;6158890;6840238;7169719;6826582;6879623;7341900;7080816
59;1391122;2984736;3713343;4145499;5504113;5741337;6054232;5773603;5962593;6219940;6651722;7162049;6946304;6929277
144;5057552;5685576;5415678;5393420;5612347;6054724;6011765;5931031;5991890;6475372;6673863;6623684;6935227;6925507
27;4116789;4358364;5620688;5636286;5748979;5864295;7087162;7516973;8130884;8078296;8150138;7936618;7723579;6904166
111;3733208;4034060;4126726;4122169;5098933;5391511;5522655;5628968;5958741;6465908;6383033;6691749;7140466;6896872
114;4311914;4189049;3907162;3951029;4268057;4878527;5995300;5641326;5689795;6050299;6162888;6593900;7098504;6881308
297;4142105;4389112;4613921;4792387;5596077;6689275;6457295;6291595;6306139;6689639;6578549;6681240;7037823;6850945
23;7009769;7362761;7391937;7836689;8210591;10478924;10871715;10261926;9546814;8736324;8162719;7743609;7500713;6702327
87;2537139;2738502;2697769;2890922;2939951;2932615;2924960;5836786;6755036;6848571;6950932;6938458;7087174;6675438
168;2405798;2642392;2747993;3332102;4434368;5238053;6371488;6172250;6334950;7009465;7207002;6957491;7102310;6650866
221;3974004;4187662;4074766;4255004;4659433;5213044;5516510;5514465;5254211;6085842;6417687;6459101;6346226;6591916
6;5591533;5493432;5168786;5864003;5948369;6727771;6955288;6647877;7114525;7460087;7463375;7532473;6903379;6589032
131;2858959;3132835;3339197;3497106;3481014;3555197;3809625;3858460;5611175;6564123;6702738;6589937;6769863;6582497
121;4451777;4683392;4721223;4941233;5025432;5115939;5405527;5622372;5743605;6285295;6528480;6457879;6806312;6574945
277;3528578;3732036;3903816;4133617;5463290;6126324;6412558;6424233;6568712;6724948;6540048;6853424;6617514;6545372
295;4608371;5464163;5936275;6124188;6935297;7577247;8205667;7620350;7223318;7515739;7361736;7170595;6817093;6525637
56;3255202;3329318;3605327;4199410;5524781;5882859;5896301;5553858;5537177;6270370;6153833;6591904;6667347;6509083
68;4658654;4393739;4362331;4634505;5463176;5969566;5860297;6654058;6645780;6964690;6924969;6788778;6693156;6452530
104;2700568;3927310;4364149;4636190;5086180;5282541;5656266;5435609;5748988;6210373;6161902;6491758;6372306;6444063
242;5755991;5960889;5739815;5991364;7048457;7533612;7759137;7456032;7046635;6592532;6706026;7081672;6725690;6431451
120;3427942;4122027;4425079;4798020;4846018;5076072;5447739;5085504;5396666;5755345;5768363;5921643;6496469;6394074
34;3645941;3890556;3864875;3948904;4866678;5371571;6021777;5632974;5715389;6347654;6228573;6016696;6170148;6388258
155;2999859;3540040;3956144;4531915;5927193;6865226;7059715;6263701;6002663;6245071;6564752;6581064;6462261;6382278
147;3620704;3965573;3990882;4361445;4345903;4672535;4783501;4912872;5612376;6629324;6875571;7235759;6174788;6365204
10;6070024;6455508;6896011;7097798;9930863;9216426;9091797;8146897;7549147;6909635;7372410;6917727;6857491;6270069
32;3580135;3858581;4072764;4927050;5644955;5963927;5991028;5495968;5916576;6049880;6299400;6420775;6346771;6257513
174;2971407;3187513;3305955;3318924;3551674;3596820;4332121;4953402;5035583;5611277;5637396;5776579;6157395;6256042
333;0;0;0;1447309;7863698;7873457;6795435;6446950;6216638;6079087;6198207;6299541;6340020;6246254
96;3928659;4099211;4117258;4163383;4647904;5141367;5157345;5030780;5135535;5513270;5861151;6226594;6272685;6235589
76;4294683;4491885;4983224;5468365;5872097;5749155;6236018;5901344;6162426;6291984;6177626;6046976;6259770;6222052
30;5232716;5557772;5878739;6219874;6178793;6336452;6606670;6762690;6825281;6453344;6363215;6515478;6347338;6204116
257;3862503;4400085;5003582;5539396;5918578;6405045;6132106;5849977;5961373;6174577;5795191;6154287;6066049;6173986
28;5307606;4880097;5181485;5133737;5451150;5717225;6425876;6642151;6739993;6903882;6785448;6685269;6630128;6162534
476;0;0;0;898527;5308430;5557936;5659266;5339796;5851438;5821498;5818861;5864524;6177089;6161434
3;5397955;6288133;6231281;6049682;6467348;6048555;6049035;5777263;5764414;6287050;6295102;6052888;6022137;6153331
158;2987074;3241991;3282865;3631175;3975429;4382327;4377866;4550722;4902650;4936867;4911008;5505312;5843641;6116138
92;3718740;4031137;4142750;4334411;4629731;5704643;6420187;5685931;5447508;5586582;5867981;6190082;6426548;6026696
136;5075570;5098469;5188094;5793658;5868188;6082972;5932141;5464995;5575404;5947223;6027937;5956542;6199508;6005073
67;3742782;3975759;5047989;4796954;5346326;5796923;6236645;5643913;5700100;5583899;6075368;5911711;6043749;5980215
106;6059269;6393967;6894350;7667676;6287565;6481738;6725412;6325597;6493660;6268674;6051455;6200944;6191675;5957062
329;5344536;5696229;5714278;5876076;5772869;5939041;6067033;5637125;5676377;6042618;6018343;6020782;6402694;5953087
211;4046062;3803212;3863513;4718594;6369742;7111085;7080723;6999358;6559086;6696604;6231643;6011737;5967244;5950721
91;3668091;4039791;4154672;4900381;5734208;6168394;6237016;5931070;5900100;5855185;6367697;6117262;6245583;5928205
344;2421853;2385634;2501174;3146672;4126816;4662227;5281539;5981683;5998454;5981050;6334304;6442022;6317206;5905382
319;4069273;4340377;4690469;5039863;5454468;5454102;5539930;5717183;5971459;6253335;6366995;6327552;5735798;5902307
77;3968697;4376403;4654179;4778006;5158302;5143276;5655583;5475885;5530905;5829042;5942874;5737871;5876547;5774395
208;5757836;6292555;6573746;6929227;7179709;7223564;7196490;7041915;7029343;7642216;7588194;6363259;5798261;5757695
11;5676688;5463501;5509372;5527908;5908989;7136002;6759364;6357366;6294425;6374411;6385702;6422034;6207090;5732092
44;3901384;4331531;4524261;4544461;4596089;4621741;5266219;5178084;5662511;6079049;6151483;6046489;6065227;5722596
74;5977577;6285828;6636591;6419030;6385767;7040662;7038591;6351721;6305088;6311324;6424794;5926599;6171789;5707160
4;3311156;3374719;3220202;3470583;3902706;4361654;4846728;4935258;5049952;5155411;5326241;5314239;5391612;5667116
390;0;0;0;679920;4481521;5010592;6673648;6184361;5807981;5776436;6053999;5865147;5929319;5653708
40;3457856;3423964;3419094;5240732;5823327;6056830;6259101;5787521;5760613;6117247;6115690;6019746;5760327;5629411
W15;2790401;3943330;3922652;4557307;4536644;4381344;5048844;5018157;5185563;5474254;5460569;5220706;5563246;5612873
W7;3778994;3608781;3449581;3372596;3112412;3335918;3381886;4134022;4692184;4968770;5027608;5150496;5453435;5536003
49;3817468;4253155;4815518;5445581;6027670;6451255;6527955;5977771;5823022;6175327;5994835;5727295;5574914;5505761
260;4355581;4301322;4411147;4869765;5096737;5379393;5408750;5023758;5253972;5497790;5269883;5236095;5559498;5475069
15;7186130;6929991;6792889;7338067;8304017;9701278;9256915;8246073;8573150;8392492;8440568;7182451;6067181;5448245
414;0;0;0;1311879;4879544;5557093;6022924;5796918;5583613;5391276;5136709;5354072;5565897;5369495
105;3596398;3603637;4516376;4649767;4613213;4574850;4797891;4377079;4482527;4932154;4794199;4915438;5365900;5353033
263;3450851;3538431;3314822;3693205;3787859;3921195;4069843;4092862;4241058;4451753;5128285;5153711;5492386;5351906
321;3933601;4405040;4283297;4018519;4709363;4865865;4903859;4515609;4621884;5094434;5077354;5410520;5597332;5338670
204;2777642;3074706;3052069;3524502;4082833;4128061;4180554;4296413;4652561;5263450;5336600;5330275;5416718;5279183
349;0;0;0;0;0;6128678;6573878;6083616;6128868;6457520;6325975;5702727;5353566;5238813
422;2783047;3862961;3648540;3703354;3817727;4127508;4178663;4157692;4357206;4910570;4696756;4771315;5127105;5222458
51;4177486;4230580;4089458;4369066;4402008;4339490;4457023;4236692;4452013;4710016;4676626;4724508;5121834;5189882
75;2915848;3643024;3950947;4509198;4790547;5076974;4958815;4803469;5068721;5467238;5352098;5312683;5231982;5132418
245;2378440;2495495;2657396;2697911;3473239;4064756;4130953;3618189;4052739;4405916;4956364;5193519;5379180;5110794
85;3461137;3595445;3565214;3959415;4418423;4565850;4807296;4718712;5052199;5248177;5150395;5189130;5362577;5108634
156;1555858;1682719;1665358;2603012;3713171;4095786;4449881;4110705;4485362;5162405;5114777;5242356;5440983;5098097
222;2501179;2947626;3202366;3294748;3779634;4143438;4347785;4446787;4477517;4816837;4914360;5008110;5255825;5081491
60;3720986;3827708;3748222;3950821;3993877;4341151;4609886;4583590;4795066;5124056;5069168;5147658;5292120;5065709
22;3401229;3995694;4003373;4163593;4465887;3982230;4905611;5048171;5505240;5694403;5529730;5264600;5156377;5053062
235;3152959;3218040;2975072;3217106;3779086;4017843;4157305;4328935;4649369;4809630;5012389;4990896;5133715;5051456
88;1916004;2529928;3108491;3382356;5275139;5867517;6177447;5879805;5605984;5599257;5463443;5336861;5271864;5048670
381;1751671;3959768;4084164;4561570;5091526;4956541;5287078;4855025;5012038;5579795;5794768;5408984;5080693;5044537
142;2998170;3067057;2894286;3205259;3937923;4143249;4572124;4516493;4442566;4715769;4823626;4896591;5150415;5036878
302;2009076;2137001;2241073;2383147;3011593;3815705;3850999;3804430;4253553;4561336;4531516;4820704;5125065;4990182
9;4705197;4346841;4994995;5325010;6324027;7023202;8120533;6793030;6551505;6381884;6472738;5647147;5452011;4989282
13;3484154;3269674;3701653;4678974;4931468;4406959;5087554;5699556;5452697;5544853;5595306;5592397;5325664;4988102
54;4357734;3726275;3297457;3606236;4426934;4651518;4658413;4473091;4497904;4774683;4650469;4954235;5052548;4985623
170;1603814;1826587;1790133;1970452;2062201;2065258;1972686;1926477;2192588;4534221;4622095;4716035;4870334;4975539
7;3517212;4104092;4414988;4900733;5380014;5192259;5644059;5526764;5496950;5608707;5746368;5684938;5599899;4963006
122;3420820;3733733;3806920;4031139;4486301;4527704;4302806;4140707;4416496;4507584;4708018;4742467;5007432;4932710
213;3480025;3559839;3412592;3500817;3457784;3532460;3555371;3651371;4117289;4703998;4844747;4955962;5155747;4910791
157;3695375;3744168;3683682;3917825;4239019;4076135;4218898;4472312;4572144;4852844;4949374;4791987;4889891;4891856
113;3367379;3493718;3769117;4148036;4368784;4489000;4788800;4800780;4804578;5131323;5052735;4968215;5044341;4887710
270;3592066;3937996;3961523;4159673;4229033;4465390;4469026;4719888;4988390;5189493;5112456;5029854;5111298;4882689
1;3397278;3730801;3920526;4273487;5231558;5864196;5842396;5197588;5011738;5345938;5632577;5255023;5026056;4854577
210;3267371;3274283;3407802;3315493;4050243;4761261;5082862;4803461;4807975;4824102;4736113;4910326;4993048;4838615
452;0;0;0;0;0;0;0;1363027;4743860;4937669;4960459;4796057;4907447;4820340
271;3334198;3819351;4093943;4057341;4176406;4493304;4344313;4336805;4745910;4999605;4831776;4806286;4950050;4814607
196;1759513;1633136;2066742;2031808;2175380;2229602;4208171;4392674;4800942;4755126;4707572;4845546;4904559;4781349
316;3123622;3253919;3576844;4242488;5416148;6162988;5585641;5028862;4280952;3702185;4695452;5044267;4952503;4767237
262;3158057;3279268;3238037;3530559;4138190;4546989;4691274;4550955;4674259;4845682;4838127;4858323;4984914;4762706
78;2349084;2703130;2627514;2879912;3625342;3832639;3761860;3688708;3896337;4326274;4715584;4330475;4780340;4747125
280;2893910;3322576;3490622;3546532;3696323;3953877;4093752;4123111;4285636;4595754;4698426;4036892;4837850;4741119
180;4015643;3846207;3936444;4132011;4450645;4267544;4450722;4373823;4405744;4698736;4753293;4929804;4869183;4696077
118;2993351;3359140;4234015;4570456;4453684;4439432;4484746;4336286;4424930;4481039;4624072;4746900;4945732;4680583
C11;2346392;2264863;2325834;2843712;3328928;3258887;3574623;3506274;3746401;4603959;4731083;4549702;4733273;4650353
276;3078803;3367353;3603963;3793419;3745159;4165156;4269337;4096005;4041400;4192427;4489436;4672897;4708366;4632805
189;3557498;3669358;4114041;4489057;5176558;5141812;4976637;4702812;4586183;4734798;4816616;4711946;4358847;4618792
238;2515744;3241550;3590639;3846088;4149661;4390111;4466463;4183647;4350472;4725212;4719956;4826356;4556760;4610514
230;2557862;3039262;3320622;4031166;4192976;4418268;4459103;4250371;4418697;4646649;4629978;4810101;4803419;4572144
186;2739644;2913053;2770508;2765238;2892742;2876541;2959851;2920591;3158818;3501936;3505987;3880491;4123901;4568976
E2;3266666;3639885;3456148;3610968;3883500;4018579;3881865;3790147;4399407;4690779;4404363;4504116;4661400;4539537
214;3282980;3202326;3371342;4016117;4463567;4494194;4702890;4501098;4843669;5303698;5274131;4875001;4591955;4530835
161;2867201;3828779;4050880;4163531;4385994;4146202;4383563;4578483;4810150;4793005;4472933;4429153;4740867;4508113
119;3084779;3346184;3206148;3250040;3370752;3647332;3799911;3686088;3927454;4205617;4351966;4346270;4512579;4499133
236;2662671;2962117;3489881;4110706;4144682;4055550;4180415;4089249;4214885;4387927;4476891;4516287;4381071;4487341
145;2961224;3200303;2830063;3006183;3152353;3309587;3408273;3600005;3654254;3916949;3919540;4217955;4298694;4461923
17;2519325;2660655;2699411;2984071;4038348;4311849;4241688;4360795;4508087;4554930;4561174;4443883;4430671;4435909
72;2685635;2729914;3468480;3793309;3692568;3800731;4095887;4175608;4035968;4228342;4136412;4250963;4366799;4385793
507;2079477;2016338;1816930;2060064;2790536;2938735;4138074;4197059;4283880;4339791;4347517;4372173;4414194;4297764
430;0;0;0;1078471;3153071;3368268;3578744;3614802;4297662;4584043;4533330;4239972;4481798;4291177
79;2021299;2402154;2625292;3055109;3225647;3517272;3998298;3623809;3716088;3886440;4059851;4430754;4423723;4268168
332;0;0;0;0;0;0;0;0;1853635;4208963;4288175;4390535;4362798;4173411
229;2455303;2622989;2713196;2804667;2887283;3145879;3283293;3207812;3459870;3868030;3865186;3871943;4229421;4140624
285;2779885;2684400;2875600;3406528;3718719;3754030;3870408;3997880;4331813;4486505;4233691;4175190;4296687;4120258
195;2022679;2224555;2247648;2291251;2827324;2945935;3178562;2904467;3074882;3843117;3798577;3985283;4172350;4109935
D6;2924775;3074494;3218353;3334160;3164097;3480861;3583333;3745758;3926604;3979146;4076880;3850376;4011133;4105283
274;3122309;3306163;3451731;3827620;4076791;3962845;4174843;3993528;4154406;4218943;4212153;4293081;4310510;4100756
486;0;105506;1210618;2537300;2832755;2813678;3143775;3274716;3726082;3818414;3629179;3881535;4079353;4091667
200;2634233;3101144;3330742;3324801;3206930;2819224;3012391;3283818;3565513;3900328;3934374;3966628;4027457;4072613
50;1178588;1246951;1296925;1337066;1680251;2135314;2201996;2310052;2402378;3430540;3957544;4326727;4539775;4051385
172;2778300;3814116;4195619;4784182;4480402;4534354;4550968;4388502;4454027;4454304;4342892;3992505;4089566;4049762
197;1627613;1284703;1217327;1266204;1227980;1201398;2643100;3678248;3832524;3903926;3993882;3896207;4030428;4037067
128;1332075;838593;1398900;1515343;1668850;2829022;3287868;3201389;3315787;3714670;3694298;3513332;4017751;4033275
H98;2826927;3048419;2873522;3022535;2920383;3278035;3441799;3406737;3577113;3866358;3878019;3912224;4214473;4015071
150;2008097;1583028;2006325;2069451;2087755;2754759;3105053;3178614;3320921;3424300;3506737;3687905;4145115;3975105
261;2616196;2916893;2905988;3036459;3029245;3047076;3058605;2914616;3442805;3635729;3711418;3846589;3948286;3950519
89;3114453;3612074;3728334;3453562;3662194;3537417;3363506;3259749;3486961;3870266;3862604;3943910;3970284;3943840
282;2757323;2806342;2619193;2598301;2901390;3132085;3244938;3157985;3307032;3598408;3650785;3662158;3922562;3930580
169;2708005;2822445;2672312;2974929;3041644;3141696;3186251;3293061;3453255;3682506;3629005;3795975;3788488;3929580
C2;3332538;3584580;3648316;3773140;4111656;4044982;3533475;3497902;3432591;3296021;4039254;4368072;4436487;3929461
199;3019140;2808729;2914513;3190963;3433616;3682472;3668612;3649545;3678014;3844649;3857732;3951804;4051594;3924138
101;3788443;3951191;4164558;4467406;4657740;4938992;4669247;3507962;3608451;3884388;3904850;4036425;3960903;3915385
W8;2398039;2562315;2403809;2426950;2788694;3077558;3057718;2955352;3223472;3687650;3666076;3771997;3946417;3894889
521;981738;974382;1035202;2287104;3098082;3262614;3745745;3799138;3877728;3928338;3935331;3957650;3995687;3828803
191;2617869;2727575;2773921;3130535;3135886;3006344;2842001;2716693;2981279;3277604;3413738;3577581;3902049;3816764
355;2589956;3048188;3273680;3365015;3562514;3966051;3714712;3765251;3744917;3780927;3914090;3909846;4021228;3813038
39;2628511;2667228;2695733;3010130;3317579;3708495;3801949;3714339;3725454;3899353;3771064;3882874;3940460;3802703
473;2095769;2201968;2218987;2865627;3108020;3217071;3482177;3403687;3582650;3859739;3843968;3803610;3939478;3801169
198;2440092;2553082;2805481;3002766;3029373;3041349;3141262;3232166;3413825;3714261;3777767;3817729;3865281;3789271
64;3225280;2949209;2789624;3225546;3491144;3588670;3744933;3640831;3778556;3842211;3788450;3983941;3965472;3777423
267;2408845;2643189;2909106;2952978;3007707;3175449;3350247;3244022;3255946;3790292;3961494;3961307;3885852;3776032
358;0;0;0;2768109;3091260;3207263;3218351;3154339;3168487;3519709;3504196;3748870;3877216;3774454
33;3396483;3036664;3357423;3389183;3427932;3567427;3705162;4031197;3778105;3714648;3736032;3738633;3852399;3745780
184;3029612;3183229;3004473;3409818;3592244;3436060;3594948;3492999;3370943;3656806;3797934;3570745;3685025;3738964
81;1385389;1528213;1974475;2136376;2295913;2461706;2548197;2404560;2825729;3039239;3146530;3489752;3735296;3737759
H37;2923459;3031295;3042287;3177386;3344363;3413509;3330522;2993514;3299162;3436692;3551230;3654639;3841813;3714454
90;1635535;1770748;1949108;2523310;2741966;2950970;3169820;3136142;3299988;3518846;3532079;3695535;3798823;3703273
202;2898791;2980515;3054032;3390254;3664685;3786029;3489493;3474262;3456516;3734139;3498372;3695483;3817148;3701093
249;1594484;1804958;1781344;1897270;2239173;2544969;2498657;2359875;2465222;3086770;3473035;3399847;3638361;3681831
135;2046804;875495;0;0;0;0;0;0;0;2906858;3987432;3866579;3926655;3673003
474;840525;1266457;1362918;1548084;1623787;1678469;2286247;3643935;3668878;3906917;3932459;3801428;3730429;3670231
46;2020968;1782853;1706641;2114744;2591375;2857754;3198414;3269178;3698258;3826809;3878219;3819122;3705932;3669950
466;1810507;2034231;2153632;2236736;2679540;3211436;3379725;3401778;3475725;3673423;3774902;3632388;3715915;3635566
E6;1188101;1232754;1185371;1745076;2066495;2239228;2168132;2302383;2878670;3233762;3291609;3499262;3706654;3617727
62;2292439;2356355;2412616;2582495;2633350;2622238;2751159;2928900;2962592;3348553;3307862;3483131;3447573;3607527
264;2392420;2275413;2549336;2790363;3019455;3489411;3535245;3507379;3620572;3868271;3904939;3829949;3805901;3587731
C10;695283;613176;842833;1045372;1093530;1155232;1329095;2789643;2997193;3153612;2847685;2850756;3388452;3567356
363;0;0;0;0;3168883;3885878;3777964;3549960;3730760;3798166;3817329;3733430;3703222;3564358
139;2162420;2013051;2181173;2553410;3746025;3962871;3835697;3514084;3582663;3764477;3741102;3704419;3806193;3558320
307;2625853;2688267;2631027;2697161;2615646;2715868;2765990;2673921;2823865;3302489;3453528;3532325;3681363;3555675
493;0;0;0;644613;2528251;2446319;2607646;2763898;2883301;3317913;3442534;3514246;3692288;3552046
26;3630418;3764756;4174913;4153801;3558483;3712991;3872190;3670550;3570071;3562986;3673100;3776334;3583603;3548970
108;2566629;2506987;2477176;2264692;2364123;2640665;2804648;2622779;2916582;3454015;3578593;3280377;3391205;3506686
H32;3100154;3177888;3177651;3574366;3490613;3761998;3485627;3187212;3180314;3165900;3427213;3629015;3796227;3506473
154;2498797;2664898;2710324;2942428;2889234;3052740;2998965;3003523;3189026;3537629;3564865;3515345;3569613;3503128
U4;2088986;2196105;2304820;2457567;2624168;2744499;3211357;2972824;2896378;3187917;3208863;3317825;3509327;3492656
460;0;0;0;0;2137689;2869874;3194107;3256535;3352499;3466434;3428084;3385429;3492213;3490358
417;1201655;2335984;2327041;2563391;2942674;3112399;3027318;2806842;2933705;3304066;3337125;3346007;3376129;3462530
125;2019232;2001940;2003298;2032204;2345537;2639535;2814076;2874207;2971322;3291062;3424627;3409077;3494621;3438643
391;2192244;2451092;2517269;2931474;3261514;3910559;4052876;3843971;3800065;3903092;3989789;3731353;3608797;3432043
143;1811174;1706264;1693260;1807378;2381593;2728127;3450059;3087474;2966503;3066699;3222090;3299358;3483916;3425789
244;1061556;1210418;1311682;1485695;1549713;1987317;2206751;2282449;2432492;2612988;2975294;3194179;3418915;3385926
71;2239502;2358019;2346513;2641310;2844707;2880379;2946558;2881770;3132207;3398836;3401053;3452751;3584443;3385856
H12;2173233;2032086;2074522;1994919;2225589;2361565;2629537;2687078;2782639;3173426;3235995;3357212;3425227;3373715
H91;997580;1332526;1726311;1904291;2182387;2495598;2600736;2403802;2604109;2768398;2988350;3426606;3604496;3354156
226;1414434;1526768;1620353;1882703;1735195;1960389;2147142;1987936;2825781;2912066;3028535;3195174;3230709;3312812
99;1265018;1359583;1376197;1475911;1565767;1776844;1764428;1738143;1877937;2188891;2993468;3126046;3229220;3301042
410;1063132;1350828;1630175;1787153;2147690;2617564;2804904;2754207;2865637;3470650;3614502;3635313;3416113;3287581
D7;2006763;1653300;1599314;1656646;1882895;2088493;2307856;2551128;2846053;3293851;3538722;3369163;3428376;3284178
325;1483970;1538364;1601146;1661619;1705363;1736408;2014074;2088442;2185453;2345971;2190543;2823704;3101249;3257604
W4;1839654;1905584;2121314;2298681;2170746;2189333;2190136;2543536;2722240;2895222;2858951;2976432;3183429;3244921
393;0;0;0;99520;1410484;1582371;1560807;1539379;2035979;2468782;2787809;2938769;3145242;3218979
EL2;0;0;0;0;0;0;0;0;0;0;300420;2926711;3153332;3177916
283;2191275;2083586;2581621;3395357;3704135;3708305;3669255;3473127;3330341;3293010;3423270;3385377;3354917;3157403
EL1;0;0;0;0;0;0;0;0;0;0;308104;2977394;3170702;3156763
181;1961139;2094085;2394188;2671208;2856733;3023547;2955322;3078738;3091607;3182471;3312862;3281927;3314579;3152312
70;2526661;2926035;3268955;3191308;3560789;3650752;3503019;3552640;3563159;3677152;3403274;3414077;3461611;3148241
366;1183645;1326207;1820600;1971604;1985443;2161986;2287960;2393541;2467804;2581194;2651633;2844874;2934072;3148189
151;1998860;2039669;2243594;2526842;2467948;2537764;2617286;2659901;2729587;2970411;3084696;2940666;3093314;3130894
227;2545980;2638688;2705056;2844436;2871936;2809337;2906160;2754630;2721781;2857042;2980581;2988119;3089160;3125007
432;0;0;0;322112;3036781;3492279;3594548;3354705;3224891;2844321;2934777;2913899;3030021;3057638
330;2107460;2275877;2347338;2458199;2569364;2803298;2882786;2854264;2932389;3117233;3049792;3142272;3310285;3054318
P12;1009834;1097933;1118946;1154422;1242388;1809690;2683546;2737967;2725593;2998969;2922516;2721919;2785133;3020951
337;2787221;3203067;3097573;3324041;3270728;3034694;3049041;3059121;3137760;3295441;3124297;3192888;2987467;3013713
248;2615631;2738640;2792421;2952226;2828785;2696087;2620356;2449966;2379539;2674435;2890504;3043887;3087315;3007482
450;946832;1019063;1248019;1558247;1694074;1767330;1975685;2083606;2385926;2746419;2759983;2704851;2994212;3002101
326;1654156;1719847;1668719;1639344;1929957;2448654;2497175;2353686;2501363;2805863;2844149;2928011;3125966;2997221
E8;2116112;2433111;2375800;2437592;2415976;2667836;2808357;2910166;3182589;3113853;3137842;3118610;3086122;2978726
275;1411531;1661175;1849403;2112377;2159220;2237616;2371743;2310478;2387688;2552592;2727776;2753042;2891596;2949895
340;1899176;1992687;1839363;1992206;2234333;2305416;2651642;2413521;2373589;2531826;2705769;2838992;2978984;2929433
192;830500;835079;976177;1255087;1740706;1823256;1975108;2012229;2135985;2557126;2677233;2671383;2823161;2926813
132;1309264;1263635;1245828;1223575;1167589;1068304;1091083;1101568;1047878;1380269;2283618;2538340;2805208;2924316
173;1419491;1438599;1447187;1457563;1527209;1643040;1746109;1707942;1811671;2313059;2549454;2666473;2884399;2839914
103;2512590;2571131;2451511;2315053;2295726;2188830;2314499;2313187;2429408;2730137;2690081;2796124;2887216;2835880
164;2175972;2363088;2348681;2413333;2416414;2465767;2578259;2595012;2591284;2719159;2768724;2754249;2875356;2835614
175;2230831;2306439;2282021;2284374;2331498;2255470;2286920;2245378;2472422;2737474;2670763;2734461;2850958;2816523
364;1382336;1506937;1442389;1592811;1741843;1854274;1999946;2104366;2239584;2578506;2685903;2844588;2931760;2786558
C1;1097547;1183343;1174667;1398786;1656621;1757454;1645756;1799084;2590025;2637706;2815496;2928168;3056613;2782471
320;844925;860028;799104;775499;749899;739141;731587;714045;725285;825335;846336;1852181;2817015;2771100
371;2268094;2326588;2178535;2383799;2431151;2480905;2536284;2665955;2488142;2584292;2622215;2692930;2838570;2766918
286;2675257;2884936;2681172;2585533;2721867;2653980;2627306;2447015;2445971;2815361;2575830;2547779;2737981;2762076
387;1081372;1144028;1320410;1508141;1665901;1744318;1868447;2191248;2341182;2568345;2545279;2498710;2525481;2758493
300;1100227;1744711;1966085;2010198;2275659;2540669;2342834;2318960;2303544;2398307;2322450;2444399;2909459;2742867
407;1997439;2293736;2268287;2246436;2188556;2201656;2260086;2327479;2343269;2478720;2618510;2769051;2797120;2736308
80;1979832;2083756;2088031;2219852;2228278;2268897;2261883;2332867;2449432;2622369;2669387;2684196;2782384;2728409
217;1443059;1463138;1562359;1543861;1931306;2028356;2073451;2119594;2246763;2370827;2324786;2569466;2756088;2724286
127;1896444;2083207;2130176;2110869;2043002;1866928;1963843;2189068;2328783;2467189;2596819;2618714;2679348;2697451
C3;634723;670697;708809;1578734;1776820;1897019;2278424;2261141;2625776;2865609;2761087;2665048;2710470;2683485
152;1415023;1780593;1809682;1777000;1796370;1678179;1844677;1982578;2066949;2187035;2338803;2456574;2536165;2678863
187;1015178;1278122;1531433;1642638;1879354;2090795;2145445;1947699;2405058;2490761;2603247;2810105;2817893;2677332
194;1989440;2091403;2019111;2059190;2142233;2258097;2305021;2343556;2348611;2601259;2607823;2492982;2802464;2667750
95;1387050;1304148;1562303;1891399;2068275;2166195;2195247;2120268;1943263;2170389;2284538;2504962;2770977;2622369
42;1185823;1187648;1206408;1623751;2040809;2170982;2392273;2201156;2452465;2627723;2761668;2839419;2697304;2618723
212;1399034;1594634;1809954;2032167;2010185;1972641;2035672;1924015;2042128;2257225;2217614;2466113;2601639;2605602
252;2176013;2155072;2223639;2339234;2278554;2321143;2322229;2316108;2378538;2628993;2594800;2651926;2641367;2588536
D3;596375;1471835;1523012;1751233;2110035;2323826;2312533;2370099;2540628;2557827;2535486;2687904;2741850;2580777
490;1325553;1373403;1514058;1633070;1707701;1629244;1735510;1857178;1935973;2366976;2301879;2454275;2576221;2580467
484;2143922;2205012;2552540;2845004;2978759;2781969;2823969;2712789;2658516;2756332;2712298;2634985;2654088;2568617
251;1360996;1357764;1379174;1417541;1368422;1594962;1703560;1824858;2023211;2246882;2239196;2311061;2535971;2519367
219;1844866;2273874;2182284;2407307;2375000;2656383;2704571;2602803;2382043;2479748;2636119;2616168;2584597;2482809
269;1642044;1742518;1764591;1824741;1999463;2089468;2097209;2004533;1975486;2277748;2306855;2351270;2467904;2472989
163;1660017;1778420;1780739;1975627;2039087;2095461;2169656;2147396;2131208;2276866;2334968;2299309;2458103;2471475
179;1921432;1939179;2232945;2742555;3046935;3105394;3174064;2982177;3146551;3181088;2987009;2249757;2501055;2467149
380;1163406;1102321;1071817;1165150;1691098;1946343;2034344;2190035;2229530;2353818;2383392;2366484;2412997;2424220
240;1479199;1571686;1693308;1672498;1851350;1897768;2025368;1991627;2113529;2313021;2350254;2409808;2411210;2399440
P4;1327134;1427175;1538355;1889222;2299539;2317826;2228611;2213624;2256392;2320882;2476114;2419021;2480758;2394485
258;1654105;1780145;1785113;1804548;1825713;1857124;2117916;2280463;2309199;2262884;2245643;2248782;2455309;2354859
124;1909447;2121516;2161793;2225724;2353970;2398785;2251842;2107009;2146586;2343015;2273276;2250879;2333967;2337538
247;1714555;1847294;1719604;1686161;1722494;1802097;1815882;1759803;1885738;2152067;2201978;2265927;2369610;2326937
425;0;0;0;0;0;0;0;0;0;1250715;2186310;2179782;2156011;2326589
284;1721456;1873718;1881767;2142111;2271018;2268573;2183532;2106832;2065283;2186448;2288506;2369099;2398583;2317584
294;1822704;1961402;1840937;1768920;1791123;1874787;1991588;1974838;1949691;2201187;2175445;2241387;2298725;2272529
E5;1430612;1440232;1286309;1886053;1955108;2001813;2111093;1954639;2038696;2176746;2221599;2146870;2339726;2269517
107;1395497;1483629;1383238;1453509;1567480;1609725;1736140;1733173;1769448;1937181;2054075;2191757;2327950;2256798
289;1922877;1802365;1749035;1802970;1749121;1711037;1758989;1731285;1761387;2047606;2163572;2168116;2214830;2245460
E7;2016195;2167456;2011931;2123271;2061702;1913389;1855073;1825506;1831631;1966147;2042861;2149343;2292505;2222030
K2;1270953;1343378;1564472;1697330;1875859;1836107;1937510;1972449;2057584;2191876;2225479;2165224;2227084;2207626
265;1533037;1586737;1612955;1890931;2027247;2005434;2009735;2249712;2000944;2140738;2172253;2246086;2273714;2205675
117;1265806;1463225;1659658;1862366;1878642;1800681;1879131;1800015;1940297;2119717;2182698;2258493;2289544;2187385
388;0;0;0;333950;1679722;1982782;2258456;2324642;2530028;2723329;2938785;2755488;2571639;2186384
W16;1285409;1692569;1694379;1769545;1752412;1810781;1884373;1961030;2001892;2104511;2137970;2159212;2196295;2182135
415;4587;2811;0;0;0;0;0;0;128640;1952700;2091120;2162149;2217936;2162017
368;1030402;1052358;1353055;1396453;1408773;1507380;1565879;1580411;1787637;1968643;2036142;2062478;2105196;2144509
T314;0;0;0;0;0;0;0;0;1528902;1879234;1937251;1957338;2087458;2107371
100;1380891;1736337;1669502;1805687;2127837;2337369;2688679;2330297;2439191;2689550;2765471;2494933;2261474;2087407
126;1781156;2000899;1951124;1910937;1934447;1926716;1903819;1829894;1911473;2057057;2060791;2008934;2064672;2086411
444;1224945;1343105;1546453;1660031;1649240;1740322;1755719;1785681;1867096;1972941;1989907;2037817;2116341;2068886
469;2097731;2209062;2303402;2439660;2380493;2380298;2391240;2419742;2557598;2609121;2041144;2107660;2090206;2044230
241;1956391;1996812;2140073;2078402;1971438;2009750;2209445;2171703;2297407;2526147;2551378;2479071;2105980;2037620
292;1452593;1496177;1444547;1365433;1490480;1561485;1557196;1578683;1736354;1868972;1931816;1987302;2074550;2031550
487;606539;1045115;1190851;1253922;1400457;1542653;1786781;1622731;1680750;1639953;1797569;2024491;2178832;2028904
365;1653433;1717217;1874918;2115062;2059943;1996982;1976196;1888006;1882073;2069112;2077843;2058392;2108476;2025172
209;2003134;1905115;2194138;2310803;2137526;2099200;2037154;2033305;1983373;1992170;1979804;2000625;2054448;2014862
201;970188;1129356;1279695;1555131;1640098;1510319;1552779;1593700;1741559;1890100;1992042;2024807;2082237;2012617
H10;2215859;2204031;2180179;2099540;2441459;1799064;1344662;1361901;1425530;1577238;1785117;1888969;1988490;2008728
E1;1656521;1772553;1704255;1631698;1717665;1722171;1842952;1844544;1868732;1981645;1996302;2004665;2032764;2001229
U3;1449705;1439412;1363456;1391777;1571616;1635393;1715723;1857432;1864110;1930801;1891353;1877632;1989819;1998522
H22;1477926;1682904;1634378;1691884;1684564;1723280;1765546;1829150;1889935;1901282;1946989;1994416;2057659;1993202
R70;1672657;1728552;1681706;1688469;1534293;1457601;1630557;1741074;1853878;1864925;1819137;1932192;2020993;1983262
287;1038603;1178686;1213611;1300153;1373337;1407970;1450798;1536228;1717056;1883831;1927511;2015473;2053772;1980196
228;0;0;0;0;0;0;0;0;0;187968;1424241;1823550;1947145;1944081
386;560528;615744;926131;1002501;1335698;1432356;1444002;1363853;1554649;1752343;1675469;1900751;2000015;1937147
H9;0;0;0;0;0;670365;1220102;1262588;1307423;1462629;1705282;1778219;1916113;1931497
E9;1647710;1724100;1631492;1760148;1754520;1643082;1678019;1667223;1665677;1833025;1854232;1887813;2011994;1930298
W6;1577743;1533151;1712431;1988031;1834929;1850707;1848385;1594909;1699495;1872021;1851077;1846748;2002986;1920636
165;1521996;1585777;1546907;1758286;1745448;1755874;1790667;1747488;1767130;1846193;1870549;1925414;1970315;1905847
232;995732;1124496;1484699;1472375;1428484;1569688;1888815;1624932;1670823;1704924;1835927;1819371;1843675;1903578
224;1280074;1340865;1446263;1591497;1634973;1568138;1616296;1488788;1442563;1488864;1559168;1563705;1699525;1893893
P5;1074491;1193823;1302462;1514372;1651876;1692988;1864710;1849825;1898875;1866666;1794081;1761681;1900107;1890457
360;0;0;0;141110;1197602;1517111;1670057;1678381;1782724;1814312;1857828;1827976;1830776;1883091
206;1021593;1087021;1075336;1371297;1533023;1364643;1414769;1298598;1431866;1568315;1604925;1579717;1694906;1866566
488;0;0;0;0;0;0;0;0;0;820297;1108256;1158093;1661948;1857963
66;860193;958316;907749;988362;1175892;1440071;1500037;1633065;1568499;1775928;1864977;1815565;1952853;1854206
482;0;0;0;0;0;0;0;0;53789;1746876;1742633;1830987;1988642;1853487
234;1655444;1654058;1637176;1620653;1602771;1619439;1630147;1616435;1603862;1732429;1754929;1786527;1848516;1846604
R68;1088949;1317450;1243554;1216109;1404569;1442920;1564692;1613474;1692147;1765716;1787714;1824582;1878146;1838827
61;1808567;1822538;1810383;1939180;1990481;1828469;1830855;1597105;1417603;1646324;1757358;1834096;1938498;1835514
308;772659;984490;953153;1088059;1107496;1138902;1327058;1292076;1408375;1640841;1822567;1697468;1733593;1821230
K3;672857;731278;949660;1097082;1174695;1262270;1368828;1564021;1679937;1813485;1828883;1774330;1793398;1819709
U5;0;0;0;0;238467;1339913;1405681;1441221;1464569;1557403;1650312;1732661;1820415;1815749
376;450505;1050864;1236069;1328039;1366337;1480109;1557974;1598212;1648495;1757305;1765820;1832645;1792683;1804585
491;0;0;478956;710988;705955;719848;826336;835840;853100;1422177;1651867;1652155;1721474;1778876
225;873338;1321849;1421863;1375799;1510405;1629989;1571520;1378957;1556966;1753486;1752491;1666929;1744705;1773758
H25;1135544;1206802;1225178;1199851;1175278;1130999;1166647;1298443;1478212;1610825;1620164;1678614;1699458;1758770
G1;951907;930884;986688;1160451;1217800;1258562;1431714;1421588;1402993;1470497;1516171;1594642;1770673;1742313
153;1098634;1174181;1625846;1745513;1617581;1682063;1744040;1740517;1743800;1752315;1859573;1890995;1793041;1739078
423;0;0;0;0;0;0;0;0;35842;1284528;1357271;1527710;1695211;1732289
322;2407392;2854443;2929264;2791979;3043284;2867184;1737042;1665811;1659887;1734732;1731583;1678010;1807110;1724594
160;1387287;1456993;1428364;1526009;1510935;1538088;1502739;1300917;1404970;1692722;1651165;1658052;1686389;1712653
K1;1046666;1103021;1191522;1251994;1284971;1324947;1377290;1520633;1627914;1735176;1705971;1702034;1762944;1699047
20;1391293;1382494;1315209;1500395;1472552;1566621;1576943;1537866;1376148;1617359;1585573;1622072;1633431;1686446
N29;668395;898167;1092249;1207468;1352942;1416684;1593478;1728741;1800264;1847256;1853833;1874860;1792115;1683857
288;1104128;1108065;1065365;1155689;1286502;1303890;1289129;1258395;1335861;1485956;1538189;1629301;1708636;1683564
W19;0;396174;525124;557264;629789;648358;715578;936623;1549233;1651715;1728590;1716385;1726039;1664670
309;899087;1251277;1317431;1460989;1356188;1326695;1474958;1497645;1562960;1569222;1660489;1562848;1509449;1663736
203;1073957;1160746;1219837;1327266;1389504;1320984;1390203;1436957;1548641;1581877;1572374;1651402;1738460;1653902
405;0;0;533521;598589;764060;946282;974289;1042403;1146302;1379173;1502837;1555953;1671959;1653773
370;0;0;0;0;0;0;0;0;442389;1410447;1609812;1637127;1629097;1652013
190;1081144;1146313;1193404;1354192;1345826;1313362;1265853;1247098;1377607;1476355;1702322;1669080;1659247;1632097
193;1190259;1275659;1313557;1416831;1492775;1506115;1518015;1454108;1501313;1618188;1625029;1644178;1691579;1627530
291;849265;932519;1170905;1278391;1401917;1399170;1472766;1478636;1555530;1631639;1688426;1640073;1697854;1618650
231;1032627;1079396;1156111;1103403;1265676;1456000;1420191;1422995;1506036;1608586;1590472;1497955;1580494;1617585
112;845232;873733;834515;862172;981687;1063127;1287114;1472700;1386543;1573160;1579481;1639862;1716366;1615712
X26;0;0;0;0;0;0;448126;491763;536949;730465;1201820;1341070;1426320;1604967
N25;472200;640060;787742;859765;841162;1166960;1403746;1443765;1503497;1542743;1548235;1565796;1507278;1553137
167;1257254;1329394;1221466;1598387;1652418;1640824;1373143;1331357;1333656;1367699;1442316;1349345;1536700;1528192
312;3749861;3394368;3455365;3736950;3650720;3829437;2343148;1421887;1530836;1621498;1683261;1473414;1510772;1521054
401;906949;966471;991326;1013637;1031411;1027122;1028383;1030583;1095068;1293867;1483171;1506688;1581568;1513625
394;0;0;0;0;919833;1363720;1328517;1225124;1244118;1438294;1528628;1493850;1524099;1508960
256;1415706;1435093;1492191;1590709;1515475;1417101;1485327;1368565;1362337;1637243;1679285;1659467;1623860;1503679
357;104613;1391739;1495165;1527360;1513092;1639623;1726700;1686486;1415480;1461586;1453462;1436724;1470721;1489338
U2;926366;933656;942716;986109;1076197;1121441;1198327;1259646;1238754;1378158;1394206;1457425;1520844;1485221
382;0;0;0;0;655024;1146045;1254155;1226637;1356677;1506045;1522493;1433203;1517647;1475301
H14;799473;1066180;994411;1066342;1139959;1126023;1117557;1206910;1298980;1355345;1375399;1370498;1470926;1469413
RV1;0;0;0;1092513;1624911;1888598;1716046;1707060;1885288;1958894;2072834;1929464;1739149;1463740
U1;1677771;1734492;1721260;1835105;1533221;862243;962413;1067711;1075311;1301658;1405993;1432468;1503476;1462561
116;825389;909062;1007460;1071851;1131224;1151414;1210326;1221402;1179157;1336944;1446498;1466135;1537012;1445508
178;932828;978241;888075;933620;1058067;1752548;1791651;1699774;1687581;1737361;1669933;1572460;1505408;1444425
W14;543988;769677;845535;973624;1038546;1037729;1121909;1166147;1255171;1339088;1343027;1395275;1438481;1441583
E10;748836;796234;957506;852023;905181;892288;950864;948048;970946;1032797;1221057;1315464;1442755;1433998
403;1276436;1270066;1232046;1311336;1323322;1289121;1286441;1330786;1368179;1442926;1482145;1494313;1545518;1428791
440;0;0;0;467198;846300;1013238;1078167;1062565;1047331;1235230;1254805;1337427;1429885;1408139
268;1390446;1295947;1105696;1304475;1506044;1473663;1628097;1483957;1495555;1457704;1487356;1400747;1452767;1400089
D8;391438;986773;1079901;1072073;1133474;1270659;1398904;1353808;1359355;1377180;1411698;1536379;1535217;1398941
272;0;0;0;752006;1114042;1142046;1179454;1104790;1233658;1375677;1324928;1395681;1386242;1369384
P13;1765099;1804651;1916614;2283352;2431077;1824540;1338837;1273701;1365603;1476007;1414776;1320602;1372706;1367981
162;712180;798083;862445;1135213;1117170;1089265;1096322;1052730;1132555;1214224;1224530;1265078;1310835;1356908
S1;550223;622696;719215;949090;1046358;1151084;1175850;1125699;1136846;1261956;1320582;1345999;1387867;1347758
318;104566;140729;332626;650719;622854;615790;643350;636139;957231;1071816;1051502;1089218;1118568;1347022
496;0;395750;787461;818415;829524;852446;944453;1022717;1082792;1238892;1286751;1297551;1366878;1345057
273;308298;302330;503732;800068;895455;914058;934951;909305;985703;1102115;1173799;1270922;1313389;1303074
324;0;0;0;0;0;0;0;0;0;0;0;423034;1293263;1301629
H17;628678;737704;721065;729720;795050;895062;944036;976124;1099310;1185171;1230852;1207538;1294333;1297865
367;693190;723710;796928;892570;881918;901987;927536;978177;1028381;1139415;1217381;1240845;1274571;1291811
B11;797746;812255;793666;764954;842145;989521;1078624;1120737;1143133;1267689;1229667;1264406;1325447;1286750
313;889819;931513;912289;968785;940303;977710;956232;899440;956845;1088233;1169477;1214424;1290526;1276853
255;1196465;1273182;1276857;1557873;1947988;2238434;2313546;2332626;2407087;1753453;1237491;1247722;1311284;1268159
B16;1441621;1493072;1440758;1372088;1303730;1259665;1213585;1153072;1132477;1278589;1258770;1258540;1292015;1265940
W11;900880;892321;1066133;1107402;1039031;1106252;1211418;1170202;1243391;1274734;1320622;1293164;1342357;1259562
455;1070861;950102;922767;1055325;1043846;1011838;1023670;1001053;1033009;1181669;1219019;1197235;1254744;1255774
336;391557;405379;428570;449220;459255;778478;1063587;1046378;1059589;1168548;1187645;1218409;1246176;1247476
N15;334055;426167;531082;608770;825618;1086750;1178757;1144571;1142919;1152721;1216270;1251607;1140839;1235674
H11;874278;901246;931525;904175;902754;972672;1039412;1061866;1061071;1121709;1194915;1220891;1255501;1225271
T130;0;0;0;0;0;0;0;0;874465;1048969;1113040;1062682;1177980;1221996
339;0;116130;365447;390461;368076;397243;440650;524555;654739;815852;847614;841649;1016811;1214324
463;220661;238919;290360;562597;656022;689680;708269;716251;731794;886676;999536;1093910;1191951;1201490
303;1040954;1031271;1012991;1034613;1024758;1165651;1240048;1144685;1151458;1228984;1246046;1196017;1196326;1190116
299;995560;955332;1012901;1084097;1033137;1046637;1118883;1080576;1100694;1157790;1108540;1098826;1150845;1185526
372;0;0;0;163080;499876;608846;687015;756089;808604;1006326;1065201;1126330;1168017;1157306
353;0;812330;958830;959657;1025946;1014331;1012828;1004614;1031895;1094819;1108367;1036033;1125375;1151190
296;1737907;1309886;859142;864598;824614;826845;869300;822931;985095;1071509;1065328;1104884;1177963;1133659
N9;248494;260557;342222;450942;518767;596936;724621;935946;904590;993027;986636;990507;1178950;1129449
N38;463932;615044;649173;611518;714351;800021;918761;1046129;993744;947605;951075;1077544;1130439;1128971
418;0;0;62648;581957;611422;621714;663547;706622;895494;1039326;1078444;1123753;1175677;1126164
166;528100;551261;689269;800580;838550;894027;945523;1006374;1008338;1099813;1140589;1157100;1211161;1122144
350;0;0;0;0;0;0;0;0;20451;895566;985624;1025184;1072979;1119635
N207;571607;603391;658044;690931;774639;840906;1017532;999210;1003719;1034074;1067959;1029279;1110271;1114840
W5;666298;847304;912564;955012;924006;913409;810760;835872;928151;1053398;1066264;1084869;1117813;1112983
412;796144;767859;707732;730721;783376;818124;819954;859734;863141;1022543;1115705;1126639;1146761;1107843
305;551702;537881;524824;570348;620185;633348;656364;643638;639741;743550;789998;823035;940506;1097984
110;607342;619958;611097;643233;661429;699219;750651;769103;761960;839818;817772;781861;914301;1091133
216;0;0;71093;665432;800732;883123;890155;906424;897079;1074724;1128826;1155517;1161530;1088461
428;783547;907294;971084;993970;992563;1033468;1036516;889070;892193;1019860;1012976;1047287;1096241;1088289
223;582998;635268;702646;875566;917142;837500;841334;791054;850451;921243;969982;980310;1019239;1069571
293;0;0;0;0;394079;708143;768520;815138;876117;965048;994622;1039706;1088187;1055400
331;717005;745686;809765;923689;910632;881401;886295;876844;895949;954826;994795;1039264;1098246;1055294
406;0;128305;836304;873431;905026;943243;994632;1002077;956821;992270;1018236;1071824;1114045;1054446
T033;0;0;0;0;0;1171661;1235055;1239389;1284070;1505886;1665305;1665364;1735106;1053310
R11;1051993;1064256;1084523;1097251;1052915;1021482;998419;914287;921735;1023726;1033719;1007145;1036273;1041956
H20;561325;704823;705804;733561;739033;730439;889986;885527;940273;1000831;1005294;1007757;1049044;1034328
215;853190;846645;846420;929367;917735;977193;965726;872399;910580;994936;988234;1042115;1060933;1024542
356;0;0;345;198218;434682;661974;782920;831913;839082;877025;930933;923769;997117;1011721
492;656095;803294;844210;838079;841578;851987;845942;826385;780068;860148;872823;929477;982989;997054
N8;328505;405889;447662;534624;589627;632452;700247;789195;903438;943047;885663;921069;960663;990340
N18;429203;482492;582033;620340;711323;804098;839215;847135;827783;789286;824438;916205;1009372;986454
395;47867;96041;46622;48183;45764;57923;66362;2900;0;0;448117;891103;990321;982988
H28;701185;708599;754225;832828;836413;843934;960712;1017010;978221;1082292;1066462;1024444;1017118;955442
462;625879;664380;502246;666406;724927;732266;790398;755628;755006;848739;839492;901716;960599;953748
R1;1009792;1017353;839326;855738;888859;844743;829848;806084;847291;937823;909468;871487;941942;946266
290;885306;925713;727647;723847;744598;766717;796162;813389;822159;915128;903786;933020;934364;944113
N155;435812;481663;539366;593298;607762;666461;698014;737601;756909;785279;866031;891573;950579;932474
N73;381651;422219;427014;443125;457234;534634;566129;646616;626369;647754;646584;641636;781215;909105
H13;593369;592578;579849;536452;534987;586415;632316;643032;622662;732187;783733;823755;897813;883503
413;789041;773721;729731;758015;719461;734883;727128;760926;781866;855899;868772;869920;874992;871038
W12;795859;600801;665366;654243;613366;648544;749332;750371;760889;748975;709947;807642;859025;869835
233;680732;700634;720411;738192;729100;749499;768769;751148;728764;781987;785242;810228;885852;863866
396;617951;710469;729580;700454;667267;691639;738593;736478;757265;809586;793971;826017;854504;861424
W9;619418;794464;778540;774537;758938;698360;706506;704696;708432;763322;822151;821350;875342;852736
419;0;222152;698019;740288;899887;899049;963178;978333;910723;842420;846632;887824;890874;850255
298;444214;527045;500822;633507;721328;705174;751537;774974;776821;814857;807753;806104;788640;847877
B15;438141;459403;447387;472559;572521;830435;850949;820840;816044;870230;779629;794574;790655;828820
N279;431086;454896;449768;472325;512479;575489;670076;726677;760917;749311;770135;807585;841532;826459
T031;0;0;0;0;0;1076101;1007453;1002535;1039311;1211943;1274978;1278803;1318224;825617
A10;628524;673856;614660;625346;572381;541255;579685;609483;674877;723123;675812;692900;752563;814934
411;504902;555648;600393;625835;661030;695787;719894;794710;794837;817336;841288;841063;886199;813249
470;0;0;0;0;331350;566947;625349;661858;666409;719928;746754;758542;819351;812915
B12;500787;515638;495887;506476;485010;422326;425564;404256;416548;508412;797403;796060;798584;802710
384;772845;732282;710851;634857;636527;631851;636644;638181;651659;723446;761187;761231;795796;802560
H26;355631;425986;423770;406414;480954;483758;508725;559606;651490;679200;698753;727572;812666;798629
465;592483;599368;563729;610163;643841;666424;775554;699933;657021;721358;728355;746143;786816;790267
N98;137210;161277;298295;407997;555834;708723;790540;795597;796705;755989;748657;787865;800554;778142
129;2104457;2178118;2016662;2171778;2211915;479755;0;472874;639546;764987;723314;755606;789947;777338
N87;0;0;0;0;0;0;0;591078;721297;724605;761270;784037;811654;772527
499;28275;42354;51098;279143;447967;496395;579369;629273;632524;695731;709061;703203;699142;766472
S4;541940;529084;535810;510222;530746;523570;456380;516401;628932;690642;692721;696112;751589;760836
38X;0;0;0;0;0;0;0;0;0;0;0;0;17461;755634
317;348782;371249;359211;365617;552179;653321;681987;691943;655222;758849;817827;753785;770734;749457
E11;0;0;0;543630;668184;665405;649472;643951;741713;792918;760294;742414;765751;726900
R4;649854;661551;687173;720587;723243;667272;671259;632655;616284;682573;687220;634205;704634;717260
S3;343210;347412;364720;380259;395105;387779;429474;484634;563612;630888;658622;676868;733612;713692
315;435129;445517;552483;537062;523952;538077;608198;667433;691111;756282;774129;711582;745595;711288
N253;274077;294895;254810;257969;399553;460998;484611;570429;552022;686559;694905;696680;710555;707021
T33;0;980905;1154880;1183271;1129700;0;0;0;0;0;0;0;0;693026
323;0;0;0;47261;374890;514504;577243;566188;633986;604026;683874;749871;759109;691250
354;0;0;0;386637;538983;570661;564584;559206;587746;626941;646910;657100;642061;677298
N5;220340;236893;340601;396732;452972;504444;563684;563741;565913;586526;632045;660943;706489;674227
W13;476283;534179;532155;577022;557597;582418;628256;619075;584462;674083;718397;706982;707506;664414
352;0;0;585;329214;445762;466621;470683;455974;469375;558331;603424;618300;648883;638721
B13;583621;632518;650780;670448;655629;612957;605648;586498;571542;620404;607190;611201;654471;637045
B14;183576;183215;459129;477402;467198;430727;408294;401412;459548;524500;542949;554105;608081;615921
N35;87515;95929;111468;183434;203264;286000;357086;346789;351836;383489;412148;464685;506446;593393
498;0;0;0;0;0;0;72309;355865;416747;491660;516772;542894;572868;567445
N47;83313;118762;306465;316063;317685;374565;396093;444177;483445;476651;490594;510657;559071;548899
N14;212131;222688;349714;413856;450901;456304;513920;548528;601294;434726;512893;533310;538466;532879
H18;369347;410969;390740;391244;420418;409652;378328;309441;403834;475373;500776;503034;531442;527774
N26;255331;273179;344361;365461;337620;356196;387551;458247;426477;423124;438593;473101;508251;524936
R9;611866;581280;524770;496654;482471;452708;437250;431970;438401;468864;468359;482917;502393;522200
138;1171756;1162620;1149192;1168456;1095386;747980;382240;390121;401068;451704;479428;485059;512261;515387
N91;254199;206469;231897;276430;328582;322204;331558;402014;380949;371646;477549;505519;520564;509157
U7;111688;347863;352631;348498;314025;315742;348302;322326;346773;388850;411798;500964;510350;508109
N68;180343;256385;315695;328418;374620;400107;440609;436856;443657;424574;427001;452197;487318;498730
H2;509605;565101;425704;506785;567728;497839;475497;493687;498096;497670;492671;511111;545387;496527
H19;0;0;0;0;0;0;9828;302797;378154;442617;469821;466456;488527;495309
N1;253287;277953;303423;327546;374509;430316;440881;463458;442638;424815;463046;488543;501531;495227
N453;0;0;0;11621;294169;309792;423084;435146;453149;464978;466633;471926;476359;493118
397;22004;273525;309818;347475;335329;328992;353231;389681;430047;465010;469822;482473;509955;492398
15H;0;0;0;0;0;0;213955;665779;683532;700865;760673;665364;578363;472677
K4;268125;313089;316891;298940;296611;279419;340925;341983;362820;399850;461722;472777;475903;471791
N109;305954;0;0;0;0;0;0;0;0;0;0;242285;465878;464861
N6;82658;75596;124468;199882;276102;351640;413069;413280;420137;212570;363097;432482;468185;463934
T31;0;1140571;1344261;1353198;1319535;0;0;0;0;0;0;0;0;455684
N136;0;0;0;0;0;0;0;0;55603;407308;432046;430791;459794;452628
N16;377756;432958;536794;452898;328152;333394;349851;346890;360903;348909;384533;406168;442007;450520
N134;200939;181141;291690;366913;435025;447476;538585;522721;496822;278337;363246;460625;466272;446846
N3;313231;341630;330478;319795;379245;386434;391960;422369;403709;400205;398313;405789;443073;442948
424;0;0;373217;451853;455191;457915;460311;475849;441059;467535;470728;455923;464836;442579
246;0;0;0;207117;289252;366617;359714;341331;356450;405667;428605;443680;455595;440653
9H;0;0;0;0;0;0;219764;621552;609253;550087;603695;530331;515214;435672
N53;387148;432155;435781;410867;294477;355343;402831;396018;411167;390422;378926;396156;412393;429594
N63;0;0;0;44497;206180;253304;299739;282140;291928;336915;359670;379400;388194;405608
N55;0;0;134344;160385;204270;281425;331691;341360;430269;446164;435060;409537;410977;398582
N20;265616;314735;318857;291272;330165;350888;397085;390859;394243;372560;396386;405651;419877;395037
N44;109890;117899;126488;138211;182214;277813;312696;322922;322189;334008;351672;371911;393919;394754
N97;596162;637118;504123;407387;442739;480072;429847;405273;402644;386902;438974;412400;360935;390037
398;239015;235441;322916;421363;434407;420686;438167;483480;513797;548118;402094;335840;368070;388983
N11;182337;183178;229405;315434;359526;395269;429356;479992;424841;369083;392386;413241;419498;386083
R3;616543;648815;545975;412561;425792;399579;377111;328931;334844;379070;374986;342892;363430;381991
N149;0;54213;115485;130319;172393;156584;411934;423677;441206;452723;454334;384787;324466;371520
R2;231434;215793;249993;380366;353997;315996;339524;334333;327297;367133;373955;367005;386972;369456
N176;173070;210383;212410;277236;167752;16737;5966;8893;214547;156916;326283;391795;374879;369204
N205;0;0;0;0;0;0;0;0;203689;213206;278632;369616;371442;367967
N13;208166;222345;232110;262746;309961;341673;391305;450845;385499;410991;437211;458021;469958;365101
N133;0;0;0;21496;187198;214945;247208;260811;265137;283104;248606;334277;347463;360781
N2;330082;221468;215354;297443;266723;339157;348296;350929;347103;317061;333791;355996;372968;354880
383;276389;292597;291776;284037;245675;223765;247850;294116;322862;353470;358008;344862;361093;349324
X68;210597;214435;217812;228103;257592;311282;320984;377273;424444;432840;383177;407956;359489;348820
U9;232399;261535;244115;251290;258286;304566;322629;331505;322926;353928;350087;350712;352664;344236
N89;0;0;0;143621;198817;205944;212805;245216;242418;255359;261858;286008;327565;341038
N12;289601;257089;305593;321085;351479;373563;368953;379472;395171;405487;406930;411546;380914;334699
362;257790;255871;255533;280247;292877;278958;285354;289222;301585;344782;356108;353341;358802;334245
N214;0;33074;80606;107342;214870;309916;327851;315575;297333;159457;311742;367908;355918;332609
377;0;0;133573;230190;249540;267758;284427;294846;295353;306203;320935;312368;330267;330094
N242;0;0;0;17292;168379;184408;210260;261971;223386;556016;492687;339508;337370;327961
N7;0;0;0;0;140608;333937;344800;353632;324039;312847;321055;330417;330261;326125
N36;506741;573976;559765;561971;628146;710114;775584;754630;616378;186014;310025;308176;324582;321576
N171;128629;113663;178681;234722;244238;253996;263388;268881;271854;257481;263818;278546;301459;320133
N94;94513;172912;179218;311344;323770;295692;304808;386213;313876;145161;319602;370480;373330;317700
N148;0;0;0;38615;125138;184605;243275;246769;336982;281612;257837;331063;326917;317523
N19;117678;145879;182244;211734;271984;336798;394482;380326;339325;301062;297953;287244;262554;314525
N43;98420;128655;148559;156159;174078;184639;207421;230617;232821;135568;233557;302430;316041;310955
346;337263;330631;329416;324124;322523;299830;294705;286521;290917;325854;315025;326047;321459;306125
N243;190430;150028;111529;110108;153258;246071;242707;247308;130306;506295;629474;802584;645708;305075
N159;318710;697683;707260;825430;778027;1023387;1239071;1239736;1216645;1189367;1234611;707629;289726;298720
N137;0;3692;98067;132887;147666;193700;242934;251533;257451;256492;272805;286802;267111;298072
N551;0;0;0;0;0;0;0;0;0;104540;227870;262307;311189;274711
N86;0;0;0;0;0;128239;183666;206285;213792;215199;232700;265573;276926;267759
464;0;127207;191020;217709;223737;226199;230968;240645;219174;257867;258579;260244;277116;265210
485;73320;73820;76162;85619;78443;73593;79738;214405;260052;263956;263736;264124;279542;263727
N76;0;0;0;22999;164835;175063;205991;223808;240374;247964;236757;250304;259068;263623
379;153889;157120;173499;246629;253158;234478;231267;222694;239364;241065;248256;258744;281093;261368
N88;0;0;0;86883;181835;197427;206890;221446;226270;179863;224041;256883;271337;258340
R6;0;0;79244;235433;249588;252682;242069;228163;226945;235052;246227;238346;260013;258255
N24;36779;124002;125706;124958;209777;284378;374112;355726;310553;213058;233683;260251;259327;253905
N266;0;40980;122993;171899;210080;232996;270776;263235;251671;169671;242475;269972;287938;252676
K5;159283;129008;157740;217857;222102;205660;217184;219403;226494;246472;268747;239472;246515;245783
N550;0;0;0;0;0;0;0;0;0;120895;228873;259980;270526;240329
N10;0;0;114564;280454;356803;416179;386838;442665;375382;337415;327805;243634;252667;235559
434;0;0;0;0;74633;143886;151575;153535;164728;193703;212017;219483;221162;233871
N69;0;0;50571;81628;95777;89701;116096;141997;144959;139572;155804;195617;218378;230087
N21;314584;344927;350050;322043;268951;281037;306509;330476;337942;326131;260817;216181;231537;228560
N343;0;19001;150033;170987;164821;211564;240606;204669;235579;219436;216791;209019;224575;223234
N22;0;23180;113872;186985;212125;227449;238932;237177;235771;229594;242097;239770;235491;220240
N41;0;5456;29135;32811;38774;62842;185627;225034;214453;220497;221266;225574;233135;219299
N285;0;0;47179;78988;116888;132682;191735;189068;187113;52633;167835;198459;205559;208432
N23;159030;179371;191411;244796;243444;142124;85668;66355;85664;35848;154237;221697;212389;203342
560;0;0;0;0;0;0;0;0;0;0;0;0;0;201142
481;0;0;0;0;0;0;0;125107;173400;193547;198703;198894;205776;193850
N220;0;0;0;0;0;0;55185;132269;120351;110033;127023;153763;170117;187403
N27;0;14052;118046;132299;155271;146195;125198;178156;159113;78246;171982;183603;193923;187150
N140;0;70582;98808;103641;115325;123677;143859;155137;166179;89144;146134;191200;193445;186809
N341;0;0;0;0;56376;114031;139423;147390;158484;139322;148233;168175;178086;185982
N52;181980;173799;146215;159061;164394;207489;212024;206333;210571;193854;193877;190842;197804;177067
N345;0;0;0;120385;178094;186568;183630;182419;192724;145518;152771;168887;172171;175774
N250;0;0;0;0;55536;52618;27290;5838;142689;58339;133776;168856;175656;175313
N188;0;0;0;0;0;0;0;0;101018;137444;149675;147810;158586;174655
N65;0;0;0;15176;48613;71346;65646;85408;88162;75624;128347;170988;182610;174650
T032;0;0;0;0;0;579404;545422;531039;372330;316063;302944;284655;300038;172668
N74;0;0;0;27354;102333;118586;141311;158594;155218;148948;159193;171521;179067;171968
N37;36177;46769;60563;69972;82396;42088;6;50660;118456;121450;159963;165128;169251;171513
N57;0;0;0;0;0;0;0;0;31498;7317;117998;148169;179465;169162
N390;0;0;0;0;0;74872;172477;163118;164571;96562;138977;166209;171664;162833
N189;0;0;0;47929;153474;170200;190707;196022;194280;106736;174605;169375;123793;162418
N295;0;0;0;0;0;0;0;0;40918;72998;138668;157969;163981;158588
467;0;36744;82913;95273;84961;77739;75595;79962;83215;99940;111260;139235;154001;158454
N277;0;0;0;3324;65535;79068;84996;90662;88028;87055;84943;125418;146215;157531
698;71430;79324;76815;77224;73899;61142;32838;59917;75220;111116;118722;137565;145157;154881
N83;0;0;0;32230;84723;73577;86931;76450;84535;52009;131106;191461;165674;152351
N111;0;0;0;0;0;0;0;0;27153;66132;132441;151933;160145;152305
638;177950;193654;186127;187245;179240;174707;109293;52873;48187;108240;128568;145443;158704;151583
N297;0;0;0;0;0;0;0;0;0;58401;109998;138882;146603;146231
N139;50950;57368;91548;103669;160040;165863;183944;179552;175684;98607;145238;129772;155369;144027
N344;0;0;0;0;0;0;0;56185;120041;121132;116949;122359;153462;141257
N281;0;0;0;0;0;0;0;107952;138809;115534;137573;141401;145010;138705
N31;76783;91246;93932;99733;119626;95093;128406;139933;133701;126837;137179;145426;141353;137569
281R;0;0;0;0;0;0;0;0;0;0;0;0;0;135588
601;119531;110420;110926;121254;113592;85901;70885;55904;60474;108394;97472;111506;114618;132721
N28;54836;85999;81770;93257;115711;102629;129233;138790;127492;123277;133274;138574;135323;131910
N105;0;0;43776;63576;71106;85990;93020;76379;86885;40142;82512;100050;124579;130960
541;0;0;0;0;0;0;0;0;0;0;0;0;58854;129502
688;0;0;0;46489;72259;86670;56451;77189;78523;96974;110469;122245;128629;128231
N108;0;0;10272;31653;46060;63766;74502;54020;61733;60837;45202;85829;113797;124323
T32;0;538752;663235;691735;693135;0;0;0;0;0;0;0;0;119276
U10;65007;73840;70806;70964;62755;59302;62178;62514;60117;96012;111731;116816;123022;116341
697;38130;49582;54721;56328;54832;42920;25559;40915;53038;80974;84914;90709;101519;112398
N128;0;0;0;0;0;0;0;0;17977;29044;81653;82401;104981;112369
R7;409965;369475;221878;0;21947;84654;77518;81202;87618;97650;98959;106928;109944;110555
N102;0;0;0;0;0;0;0;0;66320;101835;102491;111056;106367;109664
678;63355;77358;61452;72406;88918;97026;57510;31192;50344;99054;53262;29075;85127;108670
327;57251;67925;73583;72777;91408;74358;75799;75311;78355;101487;101031;108677;105293;107601
N271;0;0;0;8477;99694;104674;110883;115845;114875;59563;105434;127633;111857;107514
NEL1;0;0;0;0;0;0;0;0;0;0;7444;81022;101524;104737
606;57064;60894;54448;37182;39559;42521;45021;27383;17763;36192;61598;92440;98421;104715
626;80056;86125;97652;87832;94210;86914;69532;60826;60450;73696;72302;76003;85816;103137
642;0;0;0;0;0;0;0;0;4592;48747;67467;72681;79053;100938
N381;32374;90672;74845;84532;104709;113144;114716;105542;124447;105087;105125;105843;104673;100347
N93;0;0;7775;45306;59005;51366;53039;67636;82850;67389;79712;91136;106119;98669
N264;0;0;0;0;32598;24962;1975;112;244;654;65692;85525;92605;96348
683;6454;5426;0;50604;85212;91413;99323;95034;112186;87593;85629;97896;96537;93559
N113;0;0;0;0;0;0;0;0;0;0;0;0;0;92970
404;74664;72960;69258;76547;73030;75164;85453;90641;85281;86099;86239;89773;94006;91788
N72;15821;35256;59317;83035;96565;111346;122190;126879;99053;32501;84083;86985;94805;91146
679;0;0;47862;62994;56033;53690;49997;59409;48327;62783;83577;67702;65340;90974
549;0;0;0;0;74283;114348;71458;64375;70355;81612;89014;84174;93568;88800
N85;0;0;0;31458;69821;65429;77693;95287;95504;79524;87592;91227;97769;88009
N119;0;0;0;0;12118;93928;117657;75383;66243;60064;72079;78499;85034;86932
635;0;0;0;0;0;26019;16035;24654;21656;34128;59439;64841;71294;85771
146;99588;92823;96226;93545;77610;69609;70122;65335;69270;85564;91891;87948;87453;85238
608;0;0;0;0;0;0;0;30183;42809;52886;52378;60729;72040;85232
612;138095;145556;117697;119207;79785;76356;65905;60685;62654;73765;78644;85663;85257;84222
646;75324;73522;71244;69457;62046;55781;66465;42154;71080;74771;77365;84913;80718;83235
667;0;0;0;0;0;24881;31525;44446;52195;45869;30406;58705;70801;83179
NC2;0;0;0;0;0;0;0;0;35197;20601;58458;74773;89991;81148
669;0;0;0;0;0;9699;36284;35502;17707;37737;71502;60782;71530;80708
N64;0;0;0;0;0;0;0;0;0;0;0;39151;77134;79034
R8;138767;139355;91736;0;0;49230;44904;48610;56827;73339;77799;75728;79726;75766
625;0;0;19027;70178;67028;57226;45627;43515;35074;47418;59953;66159;66074;75216
681;0;0;0;28706;41089;37366;31662;31601;27961;42057;41894;44118;47223;74016
86U;0;0;0;0;0;0;0;0;0;0;0;18223;0;73744
N321;0;0;0;0;0;0;0;0;0;0;23921;57944;67953;70946
699;88405;94374;82900;91544;83865;72530;51479;30240;46360;56029;40807;43676;60646;68165
N474;0;0;0;0;0;0;0;0;1839;24474;55121;63134;68887;67556
108G;0;0;0;0;0;0;0;0;0;0;0;0;0;66382
640;35066;56959;51270;46066;50670;48754;38746;32252;28638;49499;50828;58303;64236;66136
656;29861;34116;34832;36916;49755;55331;29707;31308;64778;60951;60953;68192;70748;65102
658;0;0;0;0;0;0;0;18882;21523;24550;29591;36619;46436;64551
650;38592;42065;13171;0;0;0;240;2179;19235;49984;39449;55320;66760;62419
632;76629;87087;73392;78085;52564;50720;25131;15696;8366;15812;16398;23125;47205;61570
N213;0;0;0;27447;54730;77702;79759;80764;82134;87603;64272;57760;64075;61137
375;0;0;0;0;0;0;0;0;0;36798;52176;58076;60474;59388
649;122625;139352;117795;95009;105198;97550;51899;4505;36082;63488;68518;73759;69690;58694
N33;0;0;0;0;0;0;0;0;0;0;8809;63057;60471;58652
652;29264;30722;28488;24299;32374;34303;32164;26922;40799;42360;47380;52595;57005;58382
603;0;0;0;0;13162;49144;42754;38070;40041;49966;51463;52854;60439;58170
602;43572;42259;41698;41169;39276;28187;23188;24342;26051;36713;42581;47127;51000;58003
N472;0;0;0;0;0;0;0;0;24480;47662;40638;46223;54301;54982
561;0;0;0;0;0;0;0;0;0;0;0;0;0;54721
629;35891;58930;62144;73206;78556;53150;50917;35529;17851;35989;45233;47011;45349;54198
664;0;0;0;12254;14183;16294;13658;16293;5489;16160;28677;31775;45451;52745
617;69632;66947;61068;70150;65636;69527;47573;23625;9222;43583;45515;45840;52690;51190
616;11809;14548;14266;24544;25180;22700;27618;13974;42773;39851;43228;39830;42818;48249
N365;0;0;0;0;0;0;0;0;0;14276;41646;49092;50557;48121
654;0;64544;64855;71068;51467;43978;33222;36318;30148;39371;40203;44249;48761;47433
696;0;0;0;0;0;0;0;2634;10978;22370;29579;33086;43597;46135
74G;0;0;0;0;0;0;0;0;0;0;0;0;0;44045
347;0;0;0;0;0;7326;25556;33088;38735;42185;42054;42755;43026;42494
648;0;0;16007;35176;33970;34429;25689;22402;24514;33953;36405;35077;38817;41963
675;0;13968;18781;20261;20608;31133;18589;8153;53453;33457;34338;29241;31072;39043
627;45032;43747;40335;36227;28658;27316;25786;19377;17598;32489;36715;39370;37225;36651
628;0;0;0;0;0;0;0;0;22299;23846;29349;37217;37739;36482
686;0;0;27572;57338;56789;55124;56566;41177;46917;59372;64433;73788;51634;35998
K50;30403;42261;48101;47674;57494;94031;91574;85443;91330;78333;75694;56585;51273;35609
671;0;0;0;23418;58082;53703;56107;28245;29126;33392;35221;36666;37019;34464
15U;0;0;0;0;0;0;0;0;0;0;0;0;5263;33444
385;0;0;0;0;0;0;0;0;24218;29323;31763;32759;36038;33429
665;0;0;0;5946;8707;11293;14453;16197;17155;18333;16905;25997;29922;33031
653;34055;31326;19474;18362;11853;8071;9453;2060;0;19666;29890;34809;29380;31728
N236;0;15070;91764;81138;73046;46980;41549;42427;40980;37636;41060;47895;54145;31052
R5;53590;56330;67550;88470;77352;60384;61433;63914;62386;48871;33545;31797;30869;30598
651;23897;20309;18185;13391;15448;16345;11589;5228;10761;25627;34011;22363;28623;30008
672;51762;45182;37223;33852;35873;26512;22654;10392;7584;7932;11444;22690;23032;30005
8U;0;0;0;0;0;0;0;0;0;0;0;0;0;29647
655;0;0;0;0;0;23337;16593;12676;10570;25325;28578;27043;28010;29493
2U;0;0;0;0;0;0;0;0;0;0;0;594;26134;28915
405D;0;0;0;0;0;0;0;0;0;6478;21540;21904;17285;27706
359;23745;23402;24539;26225;24760;24987;26196;26459;30372;31006;28683;28660;27628;27454
657;1715;12765;14845;18945;15854;18780;13694;10597;5126;18053;25868;25668;24266;27258
R10;0;0;0;0;0;0;0;0;0;14125;26612;25885;26280;27049
H3;19376;18869;17763;23446;28638;25824;27501;25620;24979;24346;27730;26338;27943;26957
H1;31154;29125;33582;26759;33148;30699;24221;17384;15263;28544;30967;32868;29760;26836
661;26118;23443;23366;20826;18544;17412;29126;34241;34124;19971;16480;21259;22821;26592
613;18117;16144;13501;20237;25930;28411;29510;37484;43152;39460;33262;34915;28244;25471
624;113205;111865;112171;109316;102310;87833;88356;35040;14957;21366;22490;21817;25599;24144
W10;20422;20582;24327;27910;22983;21194;25198;25056;22218;23470;21508;21556;23842;23282
660;32949;37409;30229;29172;32906;25079;21614;14531;15731;14975;14879;16541;20214;22830
108D;0;0;0;0;0;0;0;0;0;0;0;0;0;22589
674;0;11191;14944;14830;13270;15247;20125;14785;13591;21475;23519;22848;22015;22344
621;39082;51324;38578;38989;33256;25933;18303;16336;12966;17919;17984;22449;20497;22324
609;32417;35993;42433;45310;35462;26140;21943;19970;14452;15353;18372;19676;23857;20080
634;19315;16358;13330;12223;14495;11866;12234;13076;10863;6698;9999;12161;13763;18226
691;0;0;0;0;0;0;0;15283;16273;22066;21266;23091;20213;18121
605;0;0;0;0;0;0;0;0;2585;6817;8695;12119;16724;17469
150D;0;0;0;0;0;0;0;0;0;0;0;7495;17952;17421
389;17050;17558;18332;16286;16131;17624;15539;14756;15391;16010;17954;18565;17006;15928
370D;0;0;0;26321;30100;16527;14590;31835;54572;38891;40766;43003;38496;15696
673;6519;6791;7698;7721;8039;10719;15211;4414;3137;8546;10180;9928;13540;14950
399;9228;9989;11241;10501;10785;9738;11001;10849;12152;12162;13306;13044;12674;13017
670;33902;40705;31409;26647;30793;19164;10810;6331;4385;2730;2193;1816;4481;12509
643;21400;23277;19735;18984;15615;16883;15720;8785;8771;9535;11746;12880;15110;12204
639;0;0;0;0;0;0;0;0;2852;3158;2457;2530;4882;11823
692;0;0;0;0;0;0;0;0;5686;10440;4423;3786;7104;11612
N20U;0;0;0;0;0;0;0;0;0;0;0;0;3228;11035
685;0;0;0;0;0;0;0;0;0;9210;12042;12548;10621;10913
N238;0;0;0;0;0;0;0;0;0;0;0;0;0;9958
647;0;0;0;20034;22468;20433;16312;9588;10851;17611;15226;9910;10789;9678
637;0;0;0;0;0;0;0;7618;2832;8452;8549;12539;12145;9288
641;0;0;0;0;0;0;3885;8509;8882;9895;10658;10045;9305;9261
611;15089;21975;16327;19420;16719;16076;11345;4988;5933;8033;9287;7689;5256;9101
636;0;0;0;0;0;0;0;4072;1615;8230;8861;9196;8898;9101
687;0;0;0;0;0;0;0;897;4824;5813;6586;7840;10304;8984
518;0;0;0;0;0;0;0;0;0;0;0;0;0;6624
969;325;123;1214;555;1331;1658;1635;1624;1741;2778;2695;3122;3304;3545
690;26440;28839;23016;25067;21020;19609;15028;5822;5387;3680;2957;6407;6195;3403
143D;39630;37702;37887;42589;34721;18457;8832;6092;5387;3459;5353;2273;2576;2697
N74G;0;0;0;0;0;0;0;0;0;0;0;0;0;2449
553;0;0;0;0;0;0;0;0;0;0;0;0;0;2032
93U;0;0;0;0;0;0;0;0;0;0;0;0;0;1967
965;257;267;1160;627;1123;1515;2180;2236;2467;1593;1766;2002;2205;1819
953;6197;6181;6157;2041;1122;1607;4315;2881;2253;2841;3297;2924;2970;1523
931;2499;1418;2129;1576;1464;1393;1207;1189;1209;1133;1020;1097;1163;1146
94U;0;0;0;0;0;0;0;0;0;0;0;9891;10120;418
188U;0;0;0;0;0;0;0;0;0;0;0;17022;0;57
13E;776223;840889;401580;0;0;0;0;0;0;0;0;0;0;0
15B;1028382;0;0;0;0;0;0;0;0;0;0;0;0;0
20D;109486;86339;63959;0;0;0;0;0;0;0;0;0;0;0
34D;75981;85580;70185;38187;0;0;0;0;0;0;0;0;0;0
77A;4999790;5317459;5335273;4890583;5576111;5671859;6301959;940018;0;0;0;0;0;0
77C;40119;43757;36171;14257;0;0;0;0;0;0;0;0;0;0
79D;10892;10967;5835;0;0;0;0;0;0;0;0;0;0;0
84;0;0;0;0;0;0;0;0;0;17014;0;0;0;0
92D;7491;11905;12489;14293;604;0;0;0;0;0;0;0;0;0
97A;1039096;0;0;0;0;0;0;0;0;0;0;0;0;0
99D;18693;19478;26777;29298;20855;0;0;0;0;0;0;0;0;0
104D;0;33117;15721;0;0;0;0;0;0;0;0;0;0;0
112D;9014;0;0;0;0;0;0;0;0;0;0;0;0;0
127D;43168;45754;857;0;0;0;0;0;0;0;0;0;0;0
127G;12075;0;0;0;0;0;0;0;0;0;0;0;0;0
130;3150044;871213;481716;469054;546685;667661;685183;703740;64729;0;0;0;0;0
130N;0;4423;0;0;0;0;0;0;0;0;0;0;0;0
132D;23269;23596;18489;15567;0;0;0;0;0;0;0;0;0;0
133E;796450;0;0;0;0;0;0;0;0;0;0;0;0;0
137A;944069;0;0;0;0;0;0;0;0;0;0;0;0;0
148U;0;0;0;0;0;0;0;0;152312;554782;0;0;0;0
149W;169964;0;0;0;0;0;0;0;0;0;0;0;0;0
152D;31184;25613;24349;28600;29482;0;0;0;0;0;0;0;0;0
155U;0;0;0;0;0;0;0;0;0;0;0;194699;0;0
156D;452;0;0;0;0;0;0;0;0;0;0;0;0;0
159S;127988;530470;0;0;0;0;0;0;0;0;0;0;0;0
163D;25829;26723;22523;19134;19768;18515;14732;9063;9021;5219;0;0;0;0
167D;0;0;549;6875;10945;0;0;0;0;0;0;0;0;0
185B;0;55408;0;0;0;0;0;0;0;0;0;0;0;0
185E;0;296134;0;0;0;0;0;0;0;0;0;0;0;0
191D;26837;0;0;0;0;0;0;0;0;0;0;0;0;0
200D;30569;28369;21517;16863;14760;6826;25798;2680;0;0;0;0;0;0
207A;72431;0;0;0;0;0;0;0;0;0;0;0;0;0
212D;0;0;0;0;0;838;14122;10358;12069;16138;0;0;0;0
231D;23907;24312;20309;17257;1932;0;0;0;0;0;0;0;0;0
232D;14761;23639;24189;28995;22972;6406;0;0;0;0;0;0;0;0
235D;70054;70619;67025;65047;36271;0;0;0;0;0;0;0;0;0
239;911822;930623;1015178;1236447;1419789;1613020;1585697;1729056;1611043;0;0;0;0;0
243A;666886;293214;0;0;0;0;0;0;0;0;0;0;0;0
278;646199;769614;748675;749973;686116;0;0;0;0;0;0;0;0;0
280B;0;0;0;0;0;0;0;0;0;0;6827;48228;0;0
280T;0;0;0;0;0;0;0;0;0;0;76955;537316;0;0
287D;0;0;0;0;0;0;0;6311;0;0;0;0;0;0
302D;27096;33811;29702;35534;4870;0;0;0;0;0;0;0;0;0
307D;26170;27565;26418;0;0;0;0;0;0;0;0;0;0;0
308A;44250;0;0;0;0;0;0;0;0;0;0;0;0;0
310A;0;0;457;0;382;0;0;0;0;0;0;0;0;0
313D;0;0;0;0;0;0;0;0;0;0;0;0;0;0
314;1274686;1394832;1429593;1615141;1749277;1714801;1692015;1627743;152829;0;0;0;0;0
351;0;0;853;0;0;0;0;0;0;0;0;0;0;0
369;3034635;2983975;3023685;3531925;3961790;3984884;4025241;4050558;4263986;4489570;3697966;0;0;0
370E;0;0;0;0;0;35515;56579;44400;24554;0;0;0;0;0
371D;14985;14430;12400;4680;0;17950;22159;20046;14211;14676;5023;0;0;0
373;0;0;0;0;0;0;0;0;0;0;0;0;0;0
373E;0;0;0;0;0;40644;62932;47483;1651;0;0;0;0;0
374;1518182;1496580;1444332;1477265;1463647;1427985;773032;0;0;0;0;0;0;0
400;10921;0;0;0;0;0;0;0;0;0;0;0;0;0
435;0;0;0;0;0;0;681475;763365;697914;0;0;0;0;0
469A;0;15428;0;0;0;0;0;0;0;0;0;0;0;0
494;0;198604;269031;286549;294120;263481;52670;0;0;0;0;0;0;0
501;1270593;1259857;1342244;230718;0;0;0;0;0;0;0;0;0;0
505;631605;234502;0;0;0;0;0;0;0;0;0;0;0;0
509;0;291168;0;0;0;0;0;0;0;0;0;0;0;0
511;6415;6324;4829;0;0;0;0;0;0;0;0;0;0;0
523;0;0;0;0;0;0;8313;0;0;0;0;0;0;0
557;0;0;227;0;345;0;0;0;0;0;0;0;0;0
584;0;14416;117080;0;0;0;0;0;0;0;0;0;0;0
604;0;0;0;0;0;0;8457;5562;2031;0;0;0;0;0
606D;0;0;0;0;0;0;0;19545;28984;30615;17230;0;0;0
620;0;0;1165;6804;5884;5476;2277;811;0;0;0;0;0;0
630;29838;35422;43529;25615;15570;20248;15681;6014;371;0;0;0;0;0
644;2849;0;0;0;0;0;0;0;0;0;0;0;0;0
645;100997;83866;22313;0;0;0;0;0;0;0;0;0;0;0
689;24910;32704;29304;38088;38052;23414;16958;6275;3692;3064;2734;5158;1150;0
693;19537;2194;0;0;0;0;0;0;0;0;0;0;0;0
705;0;0;0;60573;125028;162034;20229;0;0;0;0;0;0;0
726;386966;359280;360737;323720;336367;534624;20845;0;0;0;0;0;0;0
851;902;920;529;0;0;0;0;0;0;0;0;0;0;0
852;3486;2683;1954;0;0;0;0;0;0;0;0;0;0;0
853;2775;2643;1937;0;0;0;0;0;0;0;0;0;0;0
854;880;826;841;0;0;0;0;0;0;0;0;0;0;0
855;2107;1771;1327;0;0;0;0;0;0;0;0;0;0;0
856;1342;921;1374;0;0;0;0;0;0;0;0;0;0;0
857;1347;1024;1884;0;0;0;0;0;0;0;0;0;0;0
858;794;675;1037;0;0;0;0;0;0;0;0;0;0;0
861;624;797;24;0;0;0;0;0;0;0;0;0;0;0
862;1017;393;282;0;0;0;0;0;0;0;0;0;0;0
863;787;119;15;0;0;0;0;0;0;0;0;0;0;0
864;606;414;61;0;0;0;0;0;0;0;0;0;0;0
865;905;177;13;0;0;0;0;0;0;0;0;0;0;0
866;860;208;30;0;0;0;0;0;0;0;0;0;0;0
867;669;304;43;0;0;0;0;0;0;0;0;0;0;0
868;1218;374;193;0;0;0;0;0;0;0;0;0;0;0
869;1022;229;469;0;0;0;0;0;0;0;0;0;0;0
870;626;151;24;0;0;0;0;0;0;0;0;0;0;0
871;444;518;292;0;0;0;0;0;0;0;0;0;0;0
872;1085;1172;526;0;0;0;0;0;0;0;0;0;0;0
873;729;653;518;0;0;0;0;0;0;0;0;0;0;0
874;529;422;397;0;0;0;0;0;0;0;0;0;0;0
875;171;188;83;0;0;0;0;0;0;0;0;0;0;0
876;809;863;631;0;0;0;0;0;0;0;0;0;0;0
877;513;336;220;0;0;0;0;0;0;0;0;0;0;0
878;524;617;286;0;0;0;0;0;0;0;0;0;0;0
879;1199;1211;622;0;0;0;0;0;0;0;0;0;0;0
880;728;931;446;0;0;0;0;0;0;0;0;0;0;0
901;3138;6679;5547;1476;0;0;0;0;0;0;0;0;0;0
902;1067;1986;1316;1077;692;0;0;0;0;0;0;0;0;0
903;985;3044;2137;425;0;581;1472;1157;102;0;0;0;0;0
904;566;350;775;37;0;0;0;0;0;0;0;0;0;0
905;69;13;45;2;0;3891;10541;10582;1285;0;0;0;0;0
906;1987;1978;1505;466;0;0;0;0;0;0;0;0;0;0
907;916;2414;1994;342;0;0;0;0;0;0;0;0;0;0
908;0;0;0;0;496;0;0;0;0;0;0;0;0;0
909;1540;3237;2111;1288;724;200;0;0;0;0;0;0;0;0
910;44;0;0;0;0;0;0;0;0;0;0;0;0;0
911;5555;876;631;0;0;0;0;0;0;0;0;0;0;0
912;4739;1527;815;164;587;0;0;0;0;0;0;0;0;0
913;1207;512;991;225;0;0;0;0;0;0;0;0;0;0
914;821;287;127;0;0;0;0;0;0;0;0;0;0;0
915;3618;1104;1210;0;0;0;0;0;0;0;0;0;0;0
916;2431;820;908;210;0;0;0;0;0;0;0;0;0;0
917;1558;218;2284;3606;4342;2424;1699;1544;1056;1180;1595;1699;410;0
918;3161;1049;752;0;0;0;0;0;0;0;0;0;0;0
919;5656;2396;3055;2298;2544;833;171;0;0;0;0;0;0;0
920;5680;10033;7418;2440;1213;0;0;0;0;0;0;0;0;0
921;777;1688;1185;238;0;0;0;0;0;0;0;0;0;0
922;1694;2939;1723;796;620;0;0;0;0;0;0;0;0;0
923;1195;2246;1412;862;877;0;0;0;0;0;0;0;0;0
924;1353;1975;1250;315;0;0;0;0;0;0;0;0;0;0
925;1603;2125;1911;423;0;0;0;0;0;0;0;0;0;0
926;231;94;0;0;0;0;0;0;0;0;0;0;0;0
927;72;1815;1390;342;0;0;0;0;0;0;0;0;0;0
928;672;439;583;0;0;0;0;0;0;0;0;0;0;0
929;682;1699;1051;284;0;0;0;0;0;0;0;0;0;0
930;3206;1064;1612;524;0;0;0;0;0;0;0;0;0;0
932;1396;1131;931;0;0;0;0;0;0;0;0;0;0;0
933;2269;1515;742;333;0;0;0;0;0;0;0;0;0;0
934;588;628;890;904;691;547;460;0;0;0;0;0;0;0
935;29;28;14;0;0;0;0;0;0;0;0;0;0;0
936;2892;2229;1618;472;0;0;0;0;0;0;0;0;0;0
937;494;255;303;295;0;0;0;0;0;0;0;0;0;0
938;188;141;120;1648;1961;1817;1286;1235;1685;231;0;0;0;0
939;629;413;23;121;0;0;0;0;0;0;0;0;0;0
940;313;0;41;398;321;0;0;0;0;0;0;0;0;0
941;164;18;1772;1148;1285;1348;1348;1432;1270;859;892;803;592;0
942;125;0;44;514;504;81;0;0;0;0;0;0;0;0
943;451;25;86;374;0;0;0;0;0;0;0;0;0;0
944;50;0;17;299;331;0;0;0;0;0;0;0;0;0
945;146;124;511;514;1153;1051;1044;0;0;0;0;0;0;0
946;460;94;1189;628;285;0;0;0;0;0;0;0;0;0
947;50;1547;1165;278;0;0;0;0;0;0;0;0;0;0
948;1515;2553;2333;661;0;0;0;0;0;0;0;0;0;0
949;0;0;38;333;219;0;0;0;0;0;0;0;0;0
950;0;0;42;337;516;555;543;398;542;99;0;0;0;0
951;451;0;300;4037;0;0;0;0;0;0;0;0;0;0
952;4840;6714;5958;6506;17899;10460;0;0;0;0;0;0;0;0
954;501;0;0;0;0;0;0;0;0;0;0;0;0;0
955;30151;49831;45296;40442;39958;11041;0;0;0;0;0;0;0;0
956;1253;843;546;0;0;0;0;0;0;0;0;0;0;0
957;339;0;0;0;0;0;0;0;0;0;0;0;0;0
958;3559;2672;2551;2854;1151;884;2167;1757;1396;1383;1668;1705;519;0
959;4807;8868;6499;0;0;0;0;0;0;0;0;0;0;0
961;5809;2242;1886;0;0;0;0;0;0;0;0;0;0;0
962;0;114;559;1239;1355;494;544;405;238;0;0;0;0;0
963;811;677;464;13;0;0;0;0;0;0;0;0;0;0
964;1653;836;659;209;399;0;0;0;0;0;0;0;0;0
966;2078;2312;2422;1341;486;0;0;0;0;0;0;0;0;0
967;985;615;360;19;0;0;0;0;0;0;0;0;0;0
968;396;132;0;0;0;0;0;0;0;0;0;0;0;0
970;1280;825;693;0;0;0;0;0;0;0;0;0;0;0
971;2508;1836;1411;0;0;0;0;0;0;0;0;0;0;0
972;921;855;727;39;2334;2389;2720;2510;2240;1431;1214;221;0;0
973;583;484;388;0;0;0;0;0;0;0;0;0;0;0
974;72;14;237;792;712;0;0;0;0;0;0;0;0;0
975;123;10;737;806;1538;1473;1279;1285;254;0;0;0;0;0
976;3569;55;239;26;0;0;0;0;0;0;0;0;0;0
977;14;0;25;131;0;0;0;0;0;0;0;0;0;0
978;16;89;988;488;0;0;0;0;0;0;0;0;0;0
979;44;0;0;0;0;0;0;0;0;0;0;0;0;0
981;1630;746;906;310;0;0;0;0;0;0;0;0;0;0
982;1165;639;1789;782;0;0;0;0;0;0;0;0;0;0
983;1898;1198;581;0;0;0;0;0;0;0;0;0;0;0
984;1525;1005;1148;0;0;0;0;0;0;0;0;0;0;0
985;718;268;76;0;0;0;0;0;0;0;0;0;0;0
986;1862;1958;2775;51;0;0;0;0;0;0;0;0;0;0
987;5806;3532;4920;1967;53;0;0;0;0;0;0;0;0;0
988;1136;462;360;315;0;0;0;0;0;0;0;0;0;0
989;1293;803;1672;46;0;0;0;0;0;0;0;0;0;0
990;1040;608;299;0;0;0;0;0;0;0;0;0;0;0
991;469;308;284;0;0;0;0;0;0;0;0;0;0;0
992;474;128;605;511;0;0;0;0;0;0;0;0;0;0
993;1173;776;1793;1412;0;0;0;0;0;0;0;0;0;0
994;278;62;28;0;0;0;0;0;0;0;0;0;0;0
B99;27342;28155;28635;13192;13855;11425;8927;10197;8668;6380;0;0;0;0
C4;215170;150638;0;0;0;0;0;0;0;0;0;0;0;0
C10D;0;0;0;0;0;0;0;0;2185;21092;20238;35505;0;0
D1;289624;0;0;0;0;0;0;0;0;0;0;0;0;0
D5;149102;0;0;0;0;0;0;0;0;0;0;0;0;0
D8D;407399;0;0;0;0;0;0;0;0;0;0;0;0;0
ELC;0;0;0;0;0;0;0;0;222009;512701;176585;0;0;0
ELP;0;0;0;0;0;0;0;0;7675;0;0;0;0;0
ELS;0;0;0;0;0;0;0;47663;49492;7652;0;0;0;0
ELW;0;0;0;0;0;0;0;0;81034;286563;318676;0;0;0
H12D;17254;24804;31552;28957;24650;3546;0;0;0;0;0;0;0;0
H15;188663;0;0;0;0;0;0;0;0;0;0;0;0;0
H16;2633;0;0;0;0;0;0;0;0;0;0;0;0;0
H21;2104;10654;16492;21972;22764;22201;17155;0;0;0;0;0;0;0
H23;512585;604182;629820;612139;642087;824275;889181;939588;942025;0;0;0;0;0
H24;3725;0;0;0;0;0;0;0;0;0;0;0;0;0
H29;15853;3716;0;0;0;0;0;0;0;0;0;0;0;0
H30;0;0;0;0;0;0;0;0;0;0;0;0;0;0
H40;350542;345045;358838;52161;0;0;0;0;0;0;0;0;0;0
H50;0;235033;253012;269702;294356;265380;283923;376920;357672;0;0;0;0;0
M1;114682;520139;0;0;0;0;0;0;0;0;0;0;0;0
M2;94027;435878;0;0;0;0;0;0;0;0;0;0;0;0
N47S;86749;68959;0;0;0;0;0;0;0;0;0;0;0;0
N50;118628;128682;108644;128650;190413;279379;302933;288980;292428;125526;0;0;0;0
N58;0;0;47439;63411;61498;62840;0;0;0;0;0;0;0;0
N70;11610;0;0;0;0;0;0;0;0;0;0;0;0;0
N75;0;0;6336;66197;79997;93435;99571;126507;13636;0;0;0;0;0
N77;306462;338995;385036;408442;482371;481765;551018;85222;0;0;0;0;0;0
N81;123432;127554;117036;24493;0;0;0;0;0;0;0;0;0;0
N84;111853;93333;0;0;0;0;0;0;0;0;0;0;0;0
N101;0;0;26052;47162;52113;26701;0;0;0;0;0;0;0;0
N106;0;0;45758;66014;63739;62597;72903;77612;73393;3900;0;0;0;0
N274;0;0;0;6934;54488;71622;77883;67698;65867;33014;58558;75575;17068;0
N369;0;0;0;25395;61474;57715;74406;75498;73858;65864;50960;0;0;0
P11;2064138;0;0;0;0;0;0;0;0;0;0;0;0;0
P14;167349;0;0;0;0;0;0;0;0;0;0;0;0;0
P3;4885887;4274638;0;0;0;0;0;0;0;0;0;0;0;0
PR1;551480;621872;557510;878837;912611;873011;984223;956826;0;0;0;0;0;0
PR2;358173;379038;382205;445014;377750;338950;370277;378975;528170;536663;547611;540682;306784;0
R2D;0;4442;4123;0;0;0;0;0;0;0;0;0;0;0
R62;46416;40543;49887;65260;69536;61574;68028;5125;0;0;0;0;0;0
R69;346605;180375;0;0;0;0;0;0;0;0;0;0;0;0
R70D;0;19347;24090;23986;26974;21994;5918;0;0;0;0;0;0;0
S2;2187602;2224047;2389015;2609428;2750786;2862524;2891017;2634854;2625178;694916;0;0;0;0
S5;19589;18739;14316;0;0;0;0;0;0;0;0;0;0;0
S7;0;0;0;131998;114247;0;0;0;0;0;0;0;0;0
SL1;43091;34138;39799;19570;0;0;0;0;0;0;0;0;0;0
SL2;23296;19957;22318;13112;0;0;0;0;0;0;0;0;0;0
T123;126879;196974;139172;0;0;0;0;0;0;0;0;0;0;0
T4;35170;10640;0;0;0;0;0;0;0;0;0;0;0;0
TL1;191210;31155;0;0;0;0;0;0;0;0;0;0;0;0
W13D;14170;32790;29662;30167;27390;22940;5623;17412;0;0;0;0;0;0
W17;70625;0;0;0;0;0;0;0;0;0;0;0;0;0
X30;112119;12396;0;0;0;0;0;0;0;0;0;0;0;0
X53;187275;0;0;0;0;0;0;0;0;0;0;0;0;0